9609,16/02/2021,8,3360
6495,02/09/2021,35,110
8369,13/05/2021,22,2060
9625,21/08/2021,8,3370
8598,17/10/2021,28,2300
9693,13/11/2020,17,3430
7723,24/10/2021,36,1410
9895,23/05/2021,64,3640
9409,30/10/2021,134,3160
9717,30/11/2020,130,3460
10113,25/10/2020,4,3980
8075,09/07/2021,34,1770
7735,03/07/2021,36,1430
6422,01/08/2021,48,50
9058,04/11/2020,46,2770
10339,13/03/2021,90,4170
7036,15/10/2021,10,650
10345,13/09/2021,90,4170
7538,21/10/2021,2,1230
9403,09/09/2021,31,3150
6952,28/05/2021,108,570
10228,05/10/2021,115,4090
8670,16/01/2021,54,2390
9596,23/07/2021,61,3320
6655,25/04/2021,9,280
8857,07/02/2021,56,2580
9639,28/05/2021,5,3380
9663,20/10/2021,5,3400
9118,04/11/2020,77,2850
8097,28/10/2020,21,1800
9797,20/08/2021,119,3520
6728,11/02/2021,62,360
8512,14/12/2021,7,2220
8214,30/09/2021,13,1910
9054,29/12/2021,23,2760
6507,18/09/2020,45,130
10353,12/12/2020,90,4190
8157,07/07/2021,18,1860
7861,14/08/2020,57,1550
7175,20/10/2021,133,830
7417,13/07/2021,51,1110
8798,12/11/2021,16,2510
8161,07/11/2021,18,1860
10325,04/06/2021,6,4160
7211,04/02/2021,70,880
6760,05/01/2021,62,390
9332,26/10/2021,24,3050
8392,21/10/2021,22,2080
10129,22/11/2020,4,4000
9845,30/09/2021,119,3580
6731,11/05/2021,62,360
8119,25/04/2021,21,1820
9406,30/07/2021,134,3160
8004,02/06/2021,14,1700
8981,28/03/2021,23,2690
7532,21/04/2021,2,1230
8995,28/12/2020,23,2690
10190,30/10/2021,93,4060
7768,23/09/2021,36,1450
6792,22/08/2020,105,420
7369,08/05/2021,37,1060
6583,07/10/2021,40,220
7366,08/02/2021,37,1060
8509,09/08/2020,19,2210
8079,28/05/2021,34,1780
6914,24/12/2020,108,530
8633,13/05/2021,28,2340
9826,18/08/2020,119,3570
10039,16/09/2021,1,3790
9605,15/07/2021,8,3350
7283,09/05/2021,92,970
6603,06/06/2021,146,240
8826,23/12/2020,16,2550
8876,03/01/2021,56,2590
8866,07/11/2021,56,2580
9492,25/01/2021,63,3240
7033,15/07/2021,10,650
6988,17/11/2020,42,620
6973,29/01/2021,60,600
10348,13/12/2021,90,4170
7453,17/11/2020,76,1160
10028,12/08/2021,1,3770
8680,16/11/2021,54,2390
8878,03/03/2021,56,2590
6978,28/06/2021,60,600
8315,01/12/2021,15,2000
9938,14/01/2021,73,3690
9175,01/07/2021,26,2910
6681,25/07/2021,32,320
6753,22/06/2021,62,380
10219,05/01/2021,115,4090
9684,25/09/2021,17,3420
9248,29/12/2021,49,2980
8860,07/05/2021,56,2580
7744,04/09/2020,36,1440
9790,20/01/2021,119,3520
7249,15/09/2021,70,900
8890,08/05/2021,3,2600
7222,15/05/2020,70,890
6454,10/06/2021,141,70
6832,11/09/2021,105,450
6389,21/10/2020,48,30
6714,15/10/2020,47,350
6970,29/10/2020,60,600
9834,18/04/2021,119,3570
8244,06/12/2021,13,1930
6833,11/10/2021,105,450
9934,14/09/2020,73,3690
8217,30/12/2021,13,1910
7797,10/12/2021,75,1490
9490,25/11/2020,63,3240
8746,15/01/2021,16,2470
7898,17/10/2021,58,1580
8561,15/06/2021,97,2280
8368,13/04/2021,22,2060
8709,02/04/2021,50,2440
9610,16/03/2021,8,3360
7794,20/10/2020,75,1480
8190,11/09/2021,18,1880
8351,29/06/2021,22,2050
9762,30/11/2021,52,3500
6747,09/07/2021,62,370
7546,11/11/2020,2,1240
9007,29/07/2021,23,2710
9320,26/10/2020,24,3050
8741,15/08/2020,16,2470
10251,24/03/2021,115,4110
9424,21/12/2020,134,3200
8592,17/04/2021,28,2300
7248,15/08/2021,70,900
7903,02/09/2021,58,1590
10090,08/02/2021,106,3890
8824,23/10/2020,16,2550
6513,18/03/2021,45,130
6773,17/10/2021,62,400
10297,28/09/2020,6,4150
8747,15/02/2021,16,2470
9619,16/12/2021,8,3360
6794,22/10/2020,105,420
6729,11/03/2021,62,360
6666,17/06/2021,30,290
8819,23/11/2021,16,2540
7959,08/11/2021,14,1660
9942,14/05/2021,73,3690
9629,21/12/2021,8,3370
10216,24/09/2021,115,4080
9443,13/04/2021,63,3210
9977,21/12/2021,25,3720
10242,14/07/2021,115,4100
9235,16/08/2021,49,2970
9153,13/08/2021,77,2870
8937,24/12/2021,87,2630
7818,28/09/2021,71,1510
8313,01/10/2021,15,2000
6844,28/02/2021,41,460
8917,04/09/2021,3,2620
9690,13/08/2020,17,3430
9368,25/12/2020,31,3110
9325,26/03/2021,24,3050
6805,22/09/2021,105,420
8298,18/12/2021,43,1990
9544,19/01/2021,61,3290
7660,10/04/2021,55,1360
7161,27/07/2020,133,820
10236,14/01/2021,115,4100
9343,13/01/2021,11,3070
6717,15/01/2021,47,350
6486,02/12/2020,35,110
8948,24/04/2021,95,2650
6567,26/03/2021,59,200
9252,14/10/2021,65,2990
8896,08/11/2021,3,2600
9078,17/05/2021,46,2790
10261,15/06/2020,115,4120
7967,21/04/2021,14,1670
7606,01/05/2021,68,1300
7884,09/04/2021,57,1570
8726,03/11/2020,50,2460
7118,23/10/2021,44,760
7235,15/06/2021,70,890
7492,28/10/2020,2,1200
9347,13/05/2021,11,3070
7088,22/10/2021,44,710
9594,23/05/2021,61,3320
7582,08/12/2021,39,1260
9008,29/08/2021,23,2710
9460,13/01/2021,63,3220
9741,30/10/2020,52,3490
8851,07/08/2020,56,2580
6961,14/09/2021,108,580
6404,19/04/2021,48,40
9452,13/05/2020,63,3220
9212,06/11/2021,49,2930
9568,27/11/2021,61,3300
6995,20/12/2020,10,630
10276,09/06/2021,115,4130
9729,28/11/2021,130,3460
8779,01/12/2021,16,2490
8407,29/11/2021,22,2110
10290,26/09/2021,115,4140
8171,24/05/2021,18,1870
9578,04/07/2021,61,3310
9263,03/08/2021,65,3000
7193,13/07/2021,133,850
8733,03/06/2021,50,2460
8433,12/07/2021,72,2150
7285,09/07/2021,92,970
7391,22/08/2021,37,1090
7101,18/09/2021,44,740
7264,30/05/2021,92,950
8146,09/09/2021,18,1850
9194,13/12/2021,26,2920
8238,06/06/2021,13,1930
9525,16/11/2020,61,3280
10132,22/02/2021,4,4000
6563,26/11/2020,59,200
8684,30/05/2021,54,2410
6439,13/10/2021,141,60
8863,07/08/2021,56,2580
9228,09/06/2021,49,2960
10294,28/06/2020,6,4150
9720,28/02/2021,130,3460
10108,26/07/2021,4,3970
9174,17/11/2021,26,2900
7301,28/07/2021,33,990
10234,14/11/2020,115,4100
9898,23/08/2021,64,3640
9962,12/12/2021,73,3710
6963,22/07/2020,60,590
10016,25/09/2021,25,3760
6634,22/05/2021,146,260
7607,01/06/2021,68,1300
9262,03/07/2021,65,3000
9401,09/07/2021,31,3150
7495,28/01/2021,2,1200
9397,09/03/2021,31,3150
8408,29/12/2021,22,2110
10051,09/11/2020,142,3840
7152,27/09/2021,67,800
7648,22/03/2021,74,1350
8017,22/08/2021,132,1720
7700,13/07/2021,55,1390
8440,09/07/2020,72,2160
10067,28/07/2021,142,3860
6709,08/07/2021,47,340
7382,15/11/2021,37,1070
9650,20/09/2020,5,3400
7442,21/03/2021,76,1150
6645,25/06/2020,9,280
6451,10/03/2021,141,70
8438,12/12/2021,72,2150
6494,02/08/2021,35,110
7049,18/11/2021,66,670
8701,02/08/2020,50,2440
7240,15/11/2021,70,890
8922,24/09/2020,87,2630
8165,24/11/2020,18,1870
9854,01/03/2021,119,3600
6947,18/10/2021,108,560
10200,11/06/2021,115,4070
6723,11/09/2020,62,360
7675,16/01/2021,55,1380
8936,24/11/2021,87,2630
7613,01/12/2021,68,1300
9237,16/10/2021,49,2970
8469,01/07/2021,72,2170
7588,09/12/2021,39,1270
8989,28/11/2021,23,2690
8308,01/05/2021,15,2000
10006,10/06/2021,25,3750
9446,13/07/2021,63,3210
7578,08/08/2021,39,1260
7399,21/11/2020,37,1100
10315,04/08/2020,6,4160
7599,27/12/2021,68,1280
8384,21/02/2021,22,2080
8740,15/07/2020,16,2470
9365,03/08/2021,11,3100
6707,08/05/2021,47,340
9039,14/06/2021,23,2750
8818,23/10/2021,16,2540
6579,07/06/2021,40,220
7124,05/09/2020,44,770
8527,28/02/2021,122,2250
8647,14/11/2021,54,2360
6387,27/12/2021,48,20
7778,04/04/2021,75,1460
7807,24/10/2021,71,1500
6614,28/05/2021,146,250
9249,14/07/2021,65,2990
8883,03/08/2021,56,2590
7057,12/11/2021,66,680
7857,25/12/2021,57,1540
9689,13/07/2020,17,3430
6892,11/03/2021,41,510
8556,25/10/2021,97,2270
10029,12/09/2021,1,3770
10232,14/09/2020,115,4100
8637,13/09/2021,28,2340
9427,21/03/2021,134,3200
6662,25/11/2021,9,280
8111,28/12/2021,21,1800
9574,04/03/2021,61,3310
9425,21/01/2021,134,3200
6578,25/12/2021,40,210
7662,10/06/2021,55,1360
9407,30/08/2021,134,3160
7856,25/11/2021,57,1540
8842,24/06/2021,56,2560
9462,13/03/2021,63,3220
8465,01/03/2021,72,2170
9426,21/02/2021,134,3200
8555,25/09/2021,97,2270
6842,29/12/2020,41,460
6674,30/09/2021,32,310
7563,03/02/2021,39,1250
9361,03/04/2021,11,3100
9918,13/08/2021,73,3670
9048,29/06/2021,23,2760
6589,29/12/2020,40,230
9731,11/07/2021,52,3470
7476,27/11/2021,76,1170
8597,17/09/2021,28,2300
7020,25/11/2021,10,640
7343,17/11/2021,33,1030
9133,23/11/2020,77,2860
10004,10/04/2021,25,3750
8154,07/04/2021,18,1860
7633,05/11/2021,74,1330
10102,21/12/2020,106,3940
8791,05/10/2021,16,2500
9774,13/04/2021,123,3510
8617,05/02/2021,28,2320
9514,18/09/2021,63,3250
8121,25/06/2021,21,1820
10111,25/08/2020,4,3980
6827,05/08/2021,105,440
7005,20/10/2021,10,630
9631,28/09/2020,5,3380
6678,25/04/2021,32,320
8147,09/10/2021,18,1850
7893,17/05/2021,58,1580
7770,23/11/2021,36,1450
8274,25/09/2021,43,1960
10061,09/09/2021,142,3840
7815,28/06/2021,71,1510
7054,12/08/2021,66,680
6577,25/11/2021,40,210
6785,13/09/2021,105,410
9106,22/05/2021,77,2840
6588,29/11/2020,40,230
8180,11/11/2020,18,1880
7914,05/12/2020,58,1600
7379,15/08/2021,37,1070
9435,21/11/2021,134,3200
8770,01/03/2021,16,2490
9798,20/09/2021,119,3520
9963,21/10/2020,25,3720
7102,18/10/2021,44,740
8199,13/12/2021,13,1890
6467,06/04/2021,141,80
7457,17/03/2021,76,1160
9815,15/03/2021,119,3550
6733,11/07/2021,62,360
8946,24/02/2021,95,2650
8672,16/03/2021,54,2390
8840,24/04/2021,56,2560
7990,12/11/2021,14,1690
8007,02/09/2021,14,1700
7568,03/07/2021,39,1250
7081,26/11/2021,44,700
7757,04/10/2021,36,1440
8011,19/11/2021,132,1710
8853,07/10/2020,56,2580
8222,07/11/2020,13,1920
10203,11/09/2021,115,4070
9096,12/10/2021,77,2830
6885,11/08/2020,41,510
9461,13/02/2021,63,3220
10161,18/09/2021,38,4020
7556,11/09/2021,2,1240
8387,21/05/2021,22,2080
10317,04/10/2020,6,4160
6868,28/11/2020,41,480
8754,15/09/2021,16,2470
8423,07/06/2021,72,2140
9972,21/07/2021,25,3720
9671,25/08/2020,17,3420
7269,30/10/2021,92,950
9700,13/06/2021,17,3430
6766,05/07/2021,62,390
6923,24/09/2021,108,530
9090,27/08/2020,46,2820
9059,04/12/2020,46,2770
8552,25/06/2021,97,2270
9961,12/11/2021,73,3710
8068,06/06/2021,12,1760
7687,13/06/2020,55,1390
6397,21/06/2021,48,30
10231,14/08/2020,115,4100
7155,27/12/2021,67,800
7432,21/09/2021,76,1140
6409,19/09/2021,48,40
9231,09/09/2021,49,2960
10266,09/08/2020,115,4130
9773,13/03/2021,123,3510
9592,23/03/2021,61,3320
10298,28/10/2020,6,4150
9656,20/03/2021,5,3400
9949,14/12/2021,73,3690
7126,05/11/2020,44,770
9635,28/01/2021,5,3380
9457,13/10/2020,63,3220
10365,12/12/2021,90,4190
9886,01/07/2021,64,3630
7799,24/02/2021,71,1500
7108,16/10/2021,44,750
7150,21/12/2021,67,790
9171,24/02/2021,26,2890
8474,01/12/2021,72,2170
7123,05/08/2020,44,770
9978,25/08/2020,25,3730
6789,22/05/2020,105,420
8018,22/09/2021,132,1720
6743,09/03/2021,62,370
9993,25/11/2021,25,3730
9384,17/03/2021,31,3130
7820,28/11/2021,71,1510
7924,05/10/2021,58,1600
8533,28/08/2021,122,2250
7111,23/03/2021,44,760
9694,13/12/2020,17,3430
10254,24/06/2021,115,4110
9019,09/03/2021,23,2740
6673,06/06/2021,30,300
7748,04/01/2021,36,1440
10179,06/04/2021,93,4050
9296,07/02/2021,24,3030
7755,04/08/2021,36,1440
7389,22/06/2021,37,1090
8168,24/02/2021,18,1870
9333,26/11/2021,24,3050
7316,28/11/2021,33,1000
8008,02/10/2021,14,1700
7372,08/08/2021,37,1060
7668,10/12/2021,55,1360
9801,20/12/2021,119,3520
7289,09/11/2021,92,970
7208,04/11/2020,70,880
8053,04/08/2021,12,1750
9230,09/08/2021,49,2960
10011,10/11/2021,25,3750
7868,14/12/2020,57,1560
8832,23/06/2021,16,2550
8253,07/09/2021,13,1940
8715,02/10/2021,50,2440
6763,05/04/2021,62,390
9319,26/09/2020,24,3050
10227,05/09/2021,115,4090
9849,03/12/2021,119,3590
8162,07/12/2021,18,1860
9144,23/10/2021,77,2860
7281,09/03/2021,92,970
7359,17/11/2021,33,1050
7345,22/09/2021,33,1040
9556,27/11/2020,61,3300
6661,25/10/2021,9,280
9932,07/11/2021,73,3680
9816,15/04/2021,119,3550
10054,09/02/2021,142,3840
9642,28/08/2021,5,3380
7244,15/04/2021,70,900
8859,07/04/2021,56,2580
8703,02/10/2020,50,2440
9783,20/06/2020,119,3520
9985,25/03/2021,25,3730
7605,01/04/2021,68,1300
7632,05/10/2021,74,1330
9463,13/04/2021,63,3220
6473,04/02/2021,35,100
9013,03/10/2021,23,2720
7327,01/02/2021,33,1010
8705,02/12/2020,50,2440
9755,28/12/2021,52,3490
10286,26/05/2021,115,4140
6626,22/09/2020,146,260
6818,14/11/2021,105,430
6873,11/10/2021,41,490
8599,17/11/2021,28,2300
10335,13/11/2020,90,4170
6741,09/01/2021,62,370
8198,13/11/2021,13,1890
8184,11/03/2021,18,1880
7309,28/04/2021,33,1000
7275,09/09/2020,92,970
7518,13/11/2021,2,1210
8422,07/05/2021,72,2140
7196,13/10/2021,133,850
7509,13/02/2021,2,1210
7109,16/11/2021,44,750
8300,01/09/2020,15,2000
7771,23/12/2021,36,1450
7751,04/04/2021,36,1440
8993,28/10/2020,23,2690
6899,11/10/2021,41,510
8805,29/08/2021,16,2530
7683,16/09/2021,55,1380
7792,20/08/2020,75,1480
9077,17/04/2021,46,2790
9736,11/12/2021,52,3470
6862,03/10/2021,41,470
9660,20/07/2021,5,3400
10218,24/11/2021,115,4080
8945,24/01/2021,95,2650
7664,10/08/2021,55,1360
6834,11/11/2021,105,450
7962,21/11/2020,14,1670
6932,25/11/2021,108,540
7530,21/02/2021,2,1230
9055,04/08/2020,46,2770
7214,04/05/2021,70,880
9777,13/07/2021,123,3510
10272,09/02/2021,115,4130
9555,19/12/2021,61,3290
10327,04/08/2021,6,4160
7528,16/12/2021,2,1220
8745,15/12/2020,16,2470
8331,25/08/2021,15,2020
9304,07/10/2021,24,3030
9197,06/08/2020,49,2930
9465,13/06/2021,63,3220
10104,08/06/2021,106,3950
9582,04/11/2021,61,3310
7720,24/07/2021,36,1410
7529,21/01/2021,2,1230
6376,27/01/2021,48,20
8208,10/11/2021,13,1900
7260,12/11/2020,92,940
8534,28/09/2021,122,2250
6609,28/12/2020,146,250
8982,28/04/2021,23,2690
7037,15/11/2021,10,650
6426,01/12/2021,48,50
10122,28/07/2021,4,3990
10253,24/05/2021,115,4110
6541,15/01/2021,82,170
9579,04/08/2021,61,3310
9282,25/03/2021,24,3020
6429,13/12/2020,141,60
8654,28/02/2021,54,2370
8014,22/05/2021,132,1720
7827,14/09/2021,71,1520
8638,13/10/2021,28,2340
9061,04/02/2021,46,2770
6945,28/12/2021,108,550
9621,21/04/2021,8,3370
6415,01/01/2021,48,50
7983,12/09/2021,14,1680
9481,28/07/2021,63,3230
7593,27/06/2021,68,1280
9265,03/10/2021,65,3000
7839,17/11/2021,57,1530
9682,25/07/2021,17,3420
10308,28/08/2021,6,4150
9612,16/05/2021,8,3360
6765,05/06/2021,62,390
8875,03/12/2020,56,2590
7972,21/09/2021,14,1670
9535,16/09/2021,61,3280
6711,08/09/2021,47,340
7576,08/06/2021,39,1260
9779,13/09/2021,123,3510
6692,21/05/2021,32,330
7407,21/07/2021,37,1100
9825,05/07/2021,119,3560
6595,28/06/2021,40,230
10330,04/11/2021,6,4160
8367,13/03/2021,22,2060
9922,13/12/2021,73,3670
9653,20/12/2020,5,3400
9940,14/03/2021,73,3690
9051,29/09/2021,23,2760
6683,25/09/2021,32,320
9685,25/10/2021,17,3420
8777,01/10/2021,16,2490
7009,25/12/2020,10,640
6400,21/09/2021,48,30
7332,01/07/2021,33,1010
9545,19/02/2021,61,3290
9483,28/09/2021,63,3230
8543,15/07/2021,122,2260
7294,23/08/2021,80,980
9925,07/04/2021,73,3680
8614,05/11/2020,28,2320
6912,24/10/2020,108,530
7560,03/11/2020,39,1250
7616,19/07/2021,74,1310
7790,21/10/2021,75,1470
8357,29/12/2021,22,2050
8127,25/12/2021,21,1820
9832,18/02/2021,119,3570
9623,21/06/2021,8,3370
9103,22/02/2021,77,2840
6920,24/06/2021,108,530
8203,10/06/2021,13,1900
7388,22/05/2021,37,1090
7414,13/04/2021,51,1110
8831,23/05/2021,16,2550
9180,13/10/2020,26,2920
6424,01/10/2021,48,50
7180,30/11/2021,133,840
9892,23/02/2021,64,3640
7722,24/09/2021,36,1410
10244,14/09/2021,115,4100
6648,25/09/2020,9,280
10191,30/11/2021,93,4060
7079,26/09/2021,44,700
8810,23/02/2021,16,2540
10115,30/12/2020,4,3990
9846,30/10/2021,119,3580
8951,24/07/2021,95,2650
7788,21/08/2021,75,1470
8848,06/11/2021,56,2570
7274,05/05/2021,92,960
10279,09/09/2021,115,4130
8688,30/09/2021,54,2410
8019,22/10/2021,132,1720
7375,08/11/2021,37,1060
7974,21/11/2021,14,1670
7994,02/08/2020,14,1700
7423,07/11/2020,51,1130
6787,13/11/2021,105,410
7846,25/01/2021,57,1540
9806,30/07/2021,119,3530
10337,13/01/2021,90,4170
9442,13/03/2021,63,3210
6761,05/02/2021,62,390
8233,07/10/2021,13,1920
10264,15/09/2020,115,4120
7955,08/07/2021,14,1660
7335,01/10/2021,33,1010
6937,28/04/2021,108,550
7151,27/08/2021,67,800
8069,06/07/2021,12,1760
7646,22/01/2021,74,1350
8414,07/09/2020,72,2140
7659,10/03/2021,55,1360
9896,23/06/2021,64,3640
6926,24/12/2021,108,530
6465,06/02/2021,141,80
7329,01/04/2021,33,1010
6381,27/06/2021,48,20
6482,04/11/2021,35,100
7225,15/08/2020,70,890
6571,25/05/2021,40,210
6903,05/06/2021,27,520
7963,21/12/2020,14,1670
8821,23/07/2020,16,2550
6643,30/11/2021,9,270
7657,22/12/2021,74,1350
8904,22/01/2021,3,2610
9439,13/12/2020,63,3210
8337,31/01/2021,15,2030
8377,27/11/2021,22,2070
9486,28/12/2021,63,3230
8577,28/04/2021,97,2290
10209,24/02/2021,115,4080
9291,25/12/2021,24,3020
9533,16/07/2021,61,3280
7705,18/10/2021,36,1400
8275,25/10/2021,43,1960
7833,17/05/2021,57,1530
6584,07/11/2021,40,220
6401,21/10/2021,48,30
7416,13/06/2021,51,1110
8529,28/04/2021,122,2250
8504,10/10/2021,19,2200
9154,13/09/2021,77,2870
8430,12/04/2021,72,2150
9084,15/09/2021,46,2810
9516,18/11/2021,63,3250
9958,12/08/2021,73,3710
10037,16/07/2021,1,3790
6435,13/06/2021,141,60
6866,28/09/2020,41,480
7919,05/05/2021,58,1600
7706,18/11/2021,36,1400
7226,15/09/2020,70,890
8212,30/07/2021,13,1910
7604,24/12/2021,68,1290
6776,13/12/2020,105,410
6979,28/07/2021,60,600
7634,05/12/2021,74,1330
7018,25/09/2021,10,640
7875,14/07/2021,57,1560
7561,03/12/2020,39,1250
10247,14/12/2021,115,4100
6987,17/10/2020,42,620
8616,05/01/2021,28,2320
8888,08/03/2021,3,2600
7068,18/02/2021,66,690
9440,13/01/2021,63,3210
8230,07/07/2021,13,1920
9178,13/08/2020,26,2920
6949,18/12/2021,108,560
7499,28/05/2021,2,1200
7795,20/11/2020,75,1480
8988,28/10/2021,23,2690
9344,13/02/2021,11,3070
9838,18/08/2021,119,3570
10017,25/10/2021,25,3760
6520,21/07/2021,45,140
8572,29/11/2020,97,2290
6982,12/07/2021,60,610
6508,18/10/2020,45,130
7236,15/07/2021,70,890
7297,23/11/2021,80,980
6720,15/04/2021,47,350
9312,03/03/2021,24,3040
6788,13/12/2021,105,410
10096,27/06/2021,106,3910
6828,05/09/2021,105,440
7544,11/09/2020,2,1240
6503,20/10/2021,35,120
9668,27/12/2021,5,3410
6688,21/01/2021,32,330
6402,21/11/2021,48,30
7519,13/12/2021,2,1210
10128,22/10/2020,4,4000
8301,01/10/2020,15,2000
8187,11/06/2021,18,1880
9882,01/03/2021,64,3630
6492,02/06/2021,35,110
7631,05/09/2021,74,1330
10087,08/11/2020,106,3890
7883,09/03/2021,57,1570
10136,22/06/2021,4,4000
6644,25/05/2020,9,280
10121,28/06/2021,4,3990
7676,16/02/2021,55,1380
9712,29/09/2021,130,3450
8115,10/12/2021,21,1810
9697,13/03/2021,17,3430
9802,31/03/2021,119,3530
8985,28/07/2021,23,2690
8873,03/10/2020,56,2590
7587,09/11/2021,39,1270
8656,28/04/2021,54,2370
7503,28/09/2021,2,1200
10270,09/12/2020,115,4130
7693,13/12/2020,55,1390
7825,14/07/2021,71,1520
8077,28/03/2021,34,1780
10267,09/09/2020,115,4130
9485,28/11/2021,63,3230
9632,28/10/2020,5,3380
9074,10/01/2021,46,2780
7584,09/08/2021,39,1270
9691,13/09/2020,17,3430
8262,20/10/2020,43,1950
9193,13/11/2021,26,2920
7253,06/04/2021,92,910
9740,30/09/2020,52,3490
7074,18/08/2021,66,690
7132,09/08/2021,67,780
7073,18/07/2021,66,690
9679,25/04/2021,17,3420
10338,13/02/2021,90,4170
7554,11/07/2021,2,1240
6432,13/03/2021,141,60
10222,05/04/2021,115,4090
9645,28/11/2021,5,3380
9540,19/09/2020,61,3290
7210,04/01/2021,70,880
9323,26/01/2021,24,3050
8531,28/06/2021,122,2250
6951,28/04/2021,108,570
10141,14/10/2020,38,4010
9286,25/07/2021,24,3020
7181,30/12/2021,133,840
10079,18/10/2021,142,3880
7145,21/07/2021,67,790
8686,30/07/2021,54,2410
10146,14/03/2021,38,4010
7350,17/02/2021,33,1050
9513,18/08/2021,63,3250
10100,21/10/2020,106,3940
6594,28/05/2021,40,230
6965,22/09/2020,60,590
8052,12/12/2021,12,1740
9946,14/09/2021,73,3690
7323,01/10/2020,33,1010
9416,29/08/2021,134,3190
7579,08/09/2021,39,1260
9196,06/07/2020,49,2930
7991,12/12/2021,14,1690
8452,09/07/2021,72,2160
7378,15/07/2021,37,1070
7733,30/12/2020,36,1420
8326,01/10/2021,15,2010
6822,05/03/2021,105,440
9587,23/10/2020,61,3320
6896,11/07/2021,41,510
7493,28/11/2020,2,1200
7045,18/07/2021,66,670
9432,21/08/2021,134,3200
6759,22/12/2021,62,380
9309,03/12/2020,24,3040
9526,16/12/2020,61,3280
8388,21/06/2021,22,2080
8900,22/09/2020,3,2610
7534,21/06/2021,2,1230
10192,30/12/2021,93,4060
9157,13/12/2021,77,2870
10204,11/10/2021,115,4070
8169,24/03/2021,18,1870
9870,08/10/2021,102,3610
7130,09/06/2021,67,780
7279,09/01/2021,92,970
7186,13/12/2020,133,850
6942,28/09/2021,108,550
9478,28/04/2021,63,3230
6434,13/05/2021,141,60
8061,06/11/2020,12,1760
8005,02/07/2021,14,1700
9943,14/06/2021,73,3690
10084,08/08/2020,106,3890
8172,24/06/2021,18,1870
9047,29/05/2021,23,2760
7047,18/09/2021,66,670
9721,28/03/2021,130,3460
7644,22/11/2020,74,1350
9480,28/06/2021,63,3230
9213,06/12/2021,49,2930
7084,22/06/2021,44,710
6396,21/05/2021,48,30
6993,17/04/2021,42,620
9776,13/06/2021,123,3510
9757,30/06/2021,52,3500
7711,24/10/2020,36,1410
7139,21/01/2021,67,790
9459,13/12/2020,63,3220
7462,17/08/2021,76,1160
9391,17/10/2021,31,3130
7340,28/11/2021,33,1020
9388,17/07/2021,31,3130
8565,15/10/2021,97,2280
7874,14/06/2021,57,1560
7585,09/09/2021,39,1270
8361,13/09/2020,22,2060
10196,11/02/2021,115,4070
9381,17/12/2020,31,3130
8994,28/11/2020,23,2690
9297,07/03/2021,24,3030
7765,23/06/2021,36,1450
8126,25/11/2021,21,1820
6870,28/01/2021,41,480
8901,22/10/2020,3,2610
10246,14/11/2021,115,4100
8566,15/11/2021,97,2280
6996,20/01/2021,10,630
9004,29/04/2021,23,2710
8919,04/11/2021,3,2620
9581,04/10/2021,61,3310
9173,17/10/2021,26,2900
6727,11/01/2021,62,360
10021,12/01/2021,1,3770
8532,28/07/2021,122,2250
9669,25/06/2020,17,3420
8480,27/09/2020,19,2190
9520,29/10/2021,63,3260
8737,03/10/2021,50,2460
8612,05/09/2020,28,2320
9723,28/05/2021,130,3460
10082,08/06/2020,106,3890
8921,24/08/2020,87,2630
10333,13/09/2020,90,4170
6843,29/01/2021,41,460
9749,28/06/2021,52,3490
7396,21/08/2020,37,1100
10148,14/05/2021,38,4010
10015,25/08/2021,25,3760
7163,27/09/2020,133,820
8096,28/09/2020,21,1800
8120,25/05/2021,21,1820
6994,17/05/2021,42,620
8487,27/04/2021,19,2190
8472,01/10/2021,72,2170
9044,14/11/2021,23,2750
7750,04/03/2021,36,1440
10185,06/10/2021,93,4050
7140,21/02/2021,67,790
10049,09/09/2020,142,3840
8398,23/07/2021,22,2090
8060,06/10/2020,12,1760
9225,09/03/2021,49,2960
8884,03/09/2021,56,2590
6393,21/02/2021,48,30
9305,07/11/2021,24,3030
9010,29/10/2021,23,2710
8519,22/07/2021,7,2240
8418,07/01/2021,72,2140
9965,21/12/2020,25,3720
7205,21/11/2021,69,860
10120,28/05/2021,4,3990
7958,08/10/2021,14,1660
8776,01/09/2021,16,2490
10178,06/03/2021,93,4050
9245,29/09/2021,49,2980
9819,15/07/2021,119,3550
7320,01/07/2020,33,1010
10263,15/08/2020,115,4120
7448,21/09/2021,76,1150
6471,28/04/2021,141,90
6913,24/11/2020,108,530
6642,30/10/2021,9,270
9732,11/08/2021,52,3470
8778,01/11/2021,16,2490
7373,08/09/2021,37,1060
10293,26/12/2021,115,4140
6772,17/09/2021,62,400
9167,24/09/2021,26,2880
8947,24/03/2021,95,2650
8718,31/05/2021,50,2450
10056,09/04/2021,142,3840
10328,04/09/2021,6,4160
9316,03/07/2021,24,3040
9818,15/06/2021,119,3550
8601,30/06/2021,28,2310
7937,12/07/2021,14,1630
8200,10/03/2021,13,1900
9394,05/10/2020,31,3140
7242,15/02/2021,70,900
8486,27/03/2021,19,2190
8790,05/09/2021,16,2500
8815,23/07/2021,16,2540
8724,30/11/2021,50,2450
7871,14/03/2021,57,1560
9677,25/02/2021,17,3420
8352,29/07/2021,22,2050
9371,25/03/2021,31,3110
7234,15/05/2021,70,890
7869,14/01/2021,57,1560
8574,29/01/2021,97,2290
8402,23/11/2021,22,2090
7376,08/12/2021,37,1060
6786,13/10/2021,105,410
7200,21/06/2021,69,860
8270,20/06/2021,43,1950
9375,25/07/2021,31,3110
7672,20/11/2021,55,1370
9244,29/08/2021,49,2980
6425,01/11/2021,48,50
6798,22/02/2021,105,420
9122,04/03/2021,77,2850
6470,28/03/2021,141,90
8284,12/11/2021,43,1980
7460,17/06/2021,76,1160
10074,08/10/2021,142,3870
9583,04/12/2021,61,3310
10105,09/11/2021,106,3960
9310,03/01/2021,24,3040
9298,07/04/2021,24,3030
8795,12/08/2021,16,2510
8752,15/07/2021,16,2470
7473,27/08/2021,76,1170
7282,09/04/2021,92,970
6660,25/09/2021,9,280
6602,06/05/2021,146,240
7725,24/12/2021,36,1410
9021,09/05/2021,23,2740
8646,21/12/2021,54,2350
7051,12/05/2021,66,680
8766,28/02/2021,16,2480
8176,24/10/2021,18,1870
7835,17/07/2021,57,1530
7590,27/03/2021,68,1280
8401,23/10/2021,22,2090
6534,05/01/2021,45,150
6606,06/09/2021,146,240
9713,29/10/2021,130,3450
6901,11/12/2021,41,510
8293,18/07/2021,43,1990
6569,26/05/2021,59,200
9016,09/11/2021,23,2730
7337,01/12/2021,33,1010
9927,07/06/2021,73,3680
8359,13/07/2020,22,2060
7434,21/07/2020,76,1150
10206,11/12/2021,115,4070
6710,08/08/2021,47,340
9512,18/07/2021,63,3250
8116,25/01/2021,21,1820
8026,20/03/2021,12,1730
7505,28/11/2021,2,1200
9864,08/04/2021,102,3610
7306,28/12/2021,33,990
8521,22/09/2021,7,2240
9542,19/11/2020,61,3290
8455,09/10/2021,72,2160
10299,28/11/2020,6,4150
7862,14/06/2020,57,1560
6598,28/09/2021,40,230
6447,10/11/2020,141,70
10278,09/08/2021,115,4130
7658,10/02/2021,55,1360
7867,14/11/2020,57,1560
10088,08/12/2020,106,3890
9473,30/11/2020,63,3230
8559,15/04/2021,97,2280
10262,15/07/2020,115,4120
9842,18/12/2021,119,3570
6972,29/12/2020,60,600
8142,09/05/2021,18,1850
9148,13/03/2021,77,2870
8479,27/08/2020,19,2190
7925,05/11/2021,58,1600
7577,08/07/2021,39,1260
9198,06/09/2020,49,2930
7885,09/05/2021,57,1570
7522,16/06/2021,2,1220
8347,28/11/2021,15,2030
9114,04/07/2020,77,2850
6476,04/05/2021,35,100
7784,04/10/2021,75,1460
8447,09/02/2021,72,2160
7527,16/11/2021,2,1220
6665,17/05/2021,30,290
9149,13/04/2021,77,2870
7600,24/08/2021,68,1290
7112,23/04/2021,44,760
8942,04/10/2021,87,2640
7031,15/05/2021,10,650
8731,03/04/2021,50,2460
6719,15/03/2021,47,350
7985,12/11/2021,14,1680
6830,05/11/2021,105,440
8411,22/11/2021,53,2130
10255,24/07/2021,115,4110
6512,18/02/2021,45,130
9421,21/09/2020,134,3200
9853,01/02/2021,119,3600
9617,16/10/2021,8,3360
10155,18/03/2021,38,4020
6437,13/08/2021,141,60
9359,03/02/2021,11,3100
7551,11/04/2021,2,1240
7428,07/04/2021,51,1130
8869,03/06/2020,56,2590
9872,08/12/2021,102,3610
6635,22/06/2021,146,260
9283,25/04/2021,24,3020
9104,22/03/2021,77,2840
9889,01/10/2021,64,3630
9515,18/10/2021,63,3250
9428,21/04/2021,134,3200
7946,26/09/2021,14,1650
9763,30/12/2021,52,3500
7721,24/08/2021,36,1410
6613,28/04/2021,146,250
8125,25/10/2021,21,1820
9454,13/07/2020,63,3220
6900,11/11/2021,41,510
6754,22/07/2021,62,380
9764,13/06/2020,123,3510
9311,03/02/2021,24,3040
9034,14/01/2021,23,2750
9005,29/05/2021,23,2710
8835,23/09/2021,16,2550
8070,06/08/2021,12,1760
9532,16/06/2021,61,3280
9062,04/03/2021,46,2770
8264,20/12/2020,43,1950
9229,09/07/2021,49,2960
9121,04/02/2021,77,2850
7915,05/01/2021,58,1600
6871,11/08/2021,41,490
8490,27/07/2021,19,2190
7981,12/07/2021,14,1680
7873,14/05/2021,57,1560
7902,02/08/2021,58,1590
7149,21/11/2021,67,790
8158,07/08/2021,18,1860
8635,13/07/2021,28,2340
9423,21/11/2020,134,3200
9392,17/11/2021,31,3130
9794,20/05/2021,119,3520
6821,05/02/2021,105,440
9351,27/09/2021,11,3090
10173,25/10/2021,93,4030
9812,22/11/2021,119,3540
9504,18/11/2020,63,3250
7843,25/10/2020,57,1540
6769,17/06/2021,62,400
6581,07/08/2021,40,220
7338,28/09/2021,33,1020
8383,21/01/2021,22,2080
8254,07/10/2021,13,1940
8557,25/11/2021,97,2270
6462,06/11/2020,141,80
10208,24/01/2021,115,4080
7796,20/12/2020,75,1480
6445,10/09/2020,141,70
9519,29/09/2021,63,3260
9539,19/08/2020,61,3290
8378,27/12/2021,22,2070
7137,21/11/2020,67,790
10047,13/11/2021,1,3820
7078,18/12/2021,66,690
9222,30/10/2021,49,2950
9327,26/05/2021,24,3050
7188,13/02/2021,133,850
10094,03/12/2021,106,3900
7385,22/02/2021,37,1090
8112,10/09/2021,21,1810
9957,12/07/2021,73,3710
7781,04/07/2021,75,1460
7276,09/10/2020,92,970
8841,24/05/2021,56,2560
6897,11/08/2021,41,510
9147,13/02/2021,77,2870
7128,09/04/2021,67,780
6767,05/08/2021,62,390
9683,25/08/2021,17,3420
9917,13/07/2021,73,3670
6459,06/08/2020,141,80
7411,21/11/2021,37,1100
8804,29/07/2021,16,2530
9575,04/04/2021,61,3310
9190,13/08/2021,26,2920
7772,04/10/2020,75,1460
10321,04/02/2021,6,4160
7177,30/08/2021,133,840
7315,28/10/2021,33,1000
8651,28/11/2020,54,2370
6460,06/09/2020,141,80
7293,23/07/2021,80,980
10259,24/11/2021,115,4110
8339,28/03/2021,15,2030
9601,23/12/2021,61,3320
7363,08/11/2020,37,1060
9131,04/12/2021,77,2850
6922,24/08/2021,108,530
9782,13/12/2021,123,3510
7956,08/08/2021,14,1660
9355,03/10/2020,11,3100
7780,04/06/2021,75,1460
7548,11/01/2021,2,1240
8073,06/11/2021,12,1760
9023,09/07/2021,23,2740
6865,28/08/2020,41,480
10186,06/11/2021,93,4050
7891,09/11/2021,57,1570
6799,22/03/2021,105,420
8933,24/08/2021,87,2630
8625,05/10/2021,28,2320
7303,28/09/2021,33,990
9336,19/09/2021,11,3060
6611,28/02/2021,146,250
9436,21/12/2021,134,3200
8502,10/08/2021,19,2200
6657,25/06/2021,9,280
6496,02/10/2021,35,110
8520,22/08/2021,7,2240
7022,15/08/2020,10,650
7444,21/05/2021,76,1150
6825,05/06/2021,105,440
7468,27/03/2021,76,1170
7433,21/06/2020,76,1150
8668,01/11/2021,54,2380
7948,08/12/2020,14,1660
6925,24/11/2021,108,530
7800,24/03/2021,71,1500
7311,28/06/2021,33,1000
10142,14/11/2020,38,4010
8041,12/01/2021,12,1740
10081,18/12/2021,142,3880
8374,13/10/2021,22,2060
7812,28/03/2021,71,1510
6909,05/12/2021,27,520
7010,25/01/2021,10,640
7628,05/06/2021,74,1330
10180,06/05/2021,93,4050
8205,10/08/2021,13,1900
9871,08/11/2021,102,3610
8930,24/05/2021,87,2630
9562,27/05/2021,61,3300
9831,18/01/2021,119,3570
8286,18/12/2020,43,1990
6891,11/02/2021,41,510
7464,17/10/2021,76,1160
9496,25/05/2021,63,3240
7989,12/10/2021,14,1690
6656,25/05/2021,9,280
8738,03/11/2021,50,2460
6469,28/02/2021,141,90
8207,10/10/2021,13,1900
7230,15/01/2021,70,890
9429,21/05/2021,134,3200
9036,14/03/2021,23,2750
7923,05/09/2021,58,1600
8653,28/01/2021,54,2370
9226,09/04/2021,49,2960
9109,22/08/2021,77,2840
8445,09/12/2020,72,2160
6724,11/10/2020,62,360
9037,14/04/2021,23,2750
10183,06/08/2021,93,4050
8110,28/11/2021,21,1800
8012,19/12/2021,132,1710
8030,20/07/2021,12,1730
7486,06/10/2021,2,1190
9739,01/12/2021,52,3480
10349,02/09/2021,90,4180
8844,24/08/2021,56,2560
6861,03/09/2021,41,470
9527,16/01/2021,61,3280
7120,23/12/2021,44,760
6431,13/02/2021,141,60
9187,13/05/2021,26,2920
8095,28/08/2020,21,1800
9928,07/07/2021,73,3680
8580,28/07/2021,97,2290
7221,04/12/2021,70,880
8319,01/03/2021,15,2010
9760,30/09/2021,52,3500
8796,12/09/2021,16,2510
7872,14/04/2021,57,1560
9750,28/07/2021,52,3490
7043,30/11/2021,10,660
9089,27/07/2020,46,2820
6911,24/09/2020,108,530
8082,28/08/2021,34,1780
10046,05/11/2020,1,3810
7936,12/06/2021,14,1630
6383,27/08/2021,48,20
6556,02/10/2021,59,180
8571,29/10/2020,97,2290
9205,06/04/2021,49,2930
10057,09/05/2021,142,3840
10334,13/10/2020,90,4170
8248,07/04/2021,13,1940
8276,25/11/2021,43,1960
8604,30/09/2021,28,2310
10235,14/12/2020,115,4100
7557,11/10/2021,2,1240
10071,28/11/2021,142,3860
9317,03/08/2021,24,3040
9705,13/11/2021,17,3430
8323,01/07/2021,15,2010
7935,12/05/2021,14,1630
9726,28/08/2021,130,3460
8492,27/09/2021,19,2190
9011,29/11/2021,23,2710
8912,22/09/2021,3,2610
7182,13/08/2020,133,850
9378,17/09/2020,31,3130
10324,04/05/2021,6,4160
9204,06/03/2021,49,2930
9025,09/09/2021,23,2740
8354,29/09/2021,22,2050
8463,01/01/2021,72,2170
6394,21/03/2021,48,30
6722,15/06/2021,47,350
9162,24/04/2021,26,2880
8658,28/06/2021,54,2370
9994,25/12/2021,25,3730
8107,28/08/2021,21,1800
6414,01/12/2020,48,50
8537,28/12/2021,122,2250
9345,13/03/2021,11,3070
7426,07/02/2021,51,1130
8365,13/01/2021,22,2060
7419,07/11/2020,51,1120
8027,20/04/2021,12,1730
8058,06/08/2020,12,1760
8959,21/11/2021,95,2660
9893,23/03/2021,64,3640
8295,18/09/2021,43,1990
7954,08/06/2021,14,1660
9239,16/12/2021,49,2970
8976,30/10/2020,23,2680
8816,23/08/2021,16,2540
8093,28/06/2020,21,1800
6813,14/06/2021,105,430
8281,27/12/2021,43,1970
9681,25/06/2021,17,3420
10260,24/12/2021,115,4110
8792,05/11/2021,16,2500
9469,13/10/2021,63,3220
9673,25/10/2020,17,3420
9339,19/12/2021,11,3060
9951,19/10/2021,73,3700
6689,21/02/2021,32,330
9541,19/10/2020,61,3290
8321,01/05/2021,15,2010
7104,18/12/2021,44,740
8450,09/05/2021,72,2160
9464,13/05/2021,63,3220
7707,18/12/2021,36,1400
7080,26/10/2021,44,700
7945,26/08/2021,14,1650
8491,27/08/2021,19,2190
8899,22/08/2020,3,2610
6693,21/06/2021,32,330
6935,28/02/2021,108,550
9595,23/06/2021,61,3320
7690,13/09/2020,55,1390
9521,29/11/2021,63,3260
8305,01/02/2021,15,2000
8386,21/04/2021,22,2080
9117,04/10/2020,77,2850
8788,05/07/2021,16,2500
7261,12/12/2020,92,940
9924,07/03/2021,73,3680
6983,12/08/2021,60,610
7312,28/07/2021,33,1000
6895,11/06/2021,41,510
9068,04/09/2021,46,2770
7752,04/05/2021,36,1440
7743,04/08/2020,36,1440
6430,13/01/2021,141,60
7422,07/10/2020,51,1130
8615,05/12/2020,28,2320
9509,18/04/2021,63,3250
9724,28/06/2021,130,3460
7817,28/08/2021,71,1510
7262,12/01/2021,92,940
9611,16/04/2021,8,3360
10344,13/08/2021,90,4170
9863,01/12/2021,119,3600
9517,18/12/2021,63,3250
9075,10/02/2021,46,2780
8794,12/07/2021,16,2510
8895,08/10/2021,3,2600
8893,08/08/2021,3,2600
9672,25/09/2020,17,3420
6637,22/08/2021,146,260
7641,01/11/2021,74,1340
9433,21/09/2021,134,3200
8551,25/05/2021,97,2270
7779,04/05/2021,75,1460
9067,04/08/2021,46,2770
7520,16/04/2021,2,1220
7454,17/12/2020,76,1160
9966,21/01/2021,25,3720
8508,09/07/2020,19,2210
8802,25/12/2021,16,2520
7107,16/09/2021,44,750
7272,05/03/2021,92,960
7615,19/06/2021,74,1310
8090,04/05/2021,34,1790
9072,10/11/2020,46,2780
8054,04/09/2021,12,1750
6500,20/07/2021,35,120
7649,22/04/2021,74,1350
8213,30/08/2021,13,1910
10230,05/12/2021,115,4090
7447,21/08/2021,76,1150
9009,29/09/2021,23,2710
9107,22/06/2021,77,2840
9140,23/06/2021,77,2860
7969,21/06/2021,14,1670
8015,22/06/2021,132,1720
6890,11/01/2021,41,510
7851,25/06/2021,57,1540
7504,28/10/2021,2,1200
8719,30/06/2021,50,2450
7876,14/08/2021,57,1560
10093,08/05/2021,106,3890
6591,28/02/2021,40,230
7404,21/04/2021,37,1100
9725,28/07/2021,130,3460
6618,28/09/2021,146,250
8761,29/09/2020,16,2480
9185,13/03/2021,26,2920
9250,14/08/2021,65,2990
6474,04/03/2021,35,100
9479,28/05/2021,63,3230
7998,02/12/2020,14,1700
6879,09/07/2021,41,500
9915,13/05/2021,73,3670
9593,23/04/2021,61,3320
7931,09/12/2021,20,1610
9376,23/11/2021,31,3120
9524,09/08/2021,63,3270
6808,22/12/2021,105,420
7749,04/02/2021,36,1440
7718,24/05/2021,36,1410
7828,14/10/2021,71,1520
6587,29/10/2020,40,230
7970,21/07/2021,14,1670
8209,10/12/2021,13,1900
9188,13/06/2021,26,2920
8998,28/03/2021,23,2690
9939,14/02/2021,73,3690
8542,15/06/2021,122,2260
6697,21/10/2021,32,330
9844,30/08/2021,119,3580
9112,22/11/2021,77,2840
6510,18/12/2020,45,130
7512,13/05/2021,2,1210
9372,25/04/2021,31,3110
6958,28/11/2021,108,570
9484,28/10/2021,63,3230
10340,13/04/2021,90,4170
10143,14/12/2020,38,4010
6522,21/09/2021,45,140
7741,04/06/2020,36,1440
10181,06/06/2021,93,4050
9070,04/11/2021,46,2770
8481,27/10/2020,19,2190
8348,05/11/2021,15,2040
9168,24/10/2021,26,2880
9488,25/09/2020,63,3240
8140,09/03/2021,18,1850
7849,25/04/2021,57,1540
7602,24/10/2021,68,1290
9817,15/05/2021,119,3550
7523,16/07/2021,2,1220
10024,12/04/2021,1,3770
8441,09/08/2020,72,2160
8391,21/09/2021,22,2080
9017,09/12/2021,23,2730
9897,23/07/2021,64,3640
8581,28/08/2021,97,2290
8459,01/09/2020,72,2170
9778,13/08/2021,123,3510
9215,07/10/2021,49,2940
8453,09/08/2021,72,2160
8725,30/12/2021,50,2450
8785,05/04/2021,16,2500
10306,28/06/2021,6,4150
9907,21/09/2021,73,3660
6735,11/09/2021,62,360
10273,09/03/2021,115,4130
6663,25/12/2021,9,280
9523,09/07/2021,63,3270
6468,30/01/2021,141,90
7201,21/07/2021,69,860
7392,22/09/2021,37,1090
6667,17/07/2021,30,290
7441,21/02/2021,76,1150
6889,11/12/2020,41,510
6612,28/03/2021,146,250
9364,03/07/2021,11,3100
7716,24/03/2021,36,1410
6975,28/03/2021,60,600
8341,28/05/2021,15,2030
6458,06/07/2020,141,80
6548,15/08/2021,82,170
8624,05/09/2021,28,2320
6525,21/12/2021,45,140
9960,12/10/2021,73,3710
9913,13/03/2021,73,3670
6703,08/01/2021,47,340
8673,16/04/2021,54,2390
8460,01/10/2020,72,2170
6523,21/10/2021,45,140
10097,27/07/2021,106,3910
9354,27/12/2021,11,3090
7064,18/10/2020,66,690
8210,30/05/2021,13,1910
8828,23/02/2021,16,2550
6929,25/08/2021,108,540
8177,24/11/2021,18,1870
7802,24/05/2021,71,1500
6385,27/10/2021,48,20
8432,12/06/2021,72,2150
8813,23/05/2021,16,2540
8151,07/01/2021,18,1860
9823,15/11/2021,119,3550
8416,07/11/2020,72,2140
7017,25/08/2021,10,640
8297,18/11/2021,43,1990
9411,29/07/2020,134,3180
7517,13/10/2021,2,1210
8814,23/06/2021,16,2540
7021,25/12/2021,10,640
8449,09/04/2021,72,2160
9878,11/09/2021,64,3620
6836,29/06/2020,41,460
8488,27/05/2021,19,2190
10014,25/07/2021,25,3760
9588,23/11/2020,61,3320
7685,16/11/2021,55,1380
7992,02/06/2020,14,1700
6551,15/11/2021,82,170
9811,30/12/2021,119,3530
7255,08/12/2021,92,920
7466,17/12/2021,76,1160
9313,03/04/2021,24,3040
9374,25/06/2021,31,3110
6544,15/04/2021,82,170
7002,20/07/2021,10,630
8734,03/07/2021,50,2460
9240,29/04/2021,49,2980
7216,04/07/2021,70,880
9743,30/12/2020,52,3490
10176,06/11/2021,93,4040
8314,01/11/2021,15,2000
9902,23/12/2021,64,3640
7852,25/07/2021,57,1540
7231,15/02/2021,70,890
6831,05/12/2021,105,440
8403,10/11/2021,22,2100
8675,16/06/2021,54,2390
8022,20/11/2020,12,1730
7063,18/09/2020,66,690
10158,18/06/2021,38,4020
8621,05/06/2021,28,2320
8259,20/07/2020,43,1950
7247,15/07/2021,70,900
9986,25/04/2021,25,3730
8827,23/01/2021,16,2550
9335,19/08/2021,11,3060
7322,01/09/2020,33,1010
8649,28/09/2020,54,2370
9636,28/02/2021,5,3380
8035,20/12/2021,12,1730
7826,14/08/2021,71,1520
7782,04/08/2021,75,1460
6848,28/06/2021,41,460
9279,25/12/2020,24,3020
7028,15/02/2021,10,650
8118,25/03/2021,21,1820
6413,01/11/2020,48,50
10226,05/08/2021,115,4090
9302,07/08/2021,24,3030
10026,12/06/2021,1,3770
9971,21/06/2021,25,3720
8648,14/12/2021,54,2360
10018,25/11/2021,25,3760
8280,27/11/2021,43,1970
10103,21/01/2021,106,3940
9453,13/06/2020,63,3220
7071,18/05/2021,66,690
9665,20/12/2021,5,3400
8695,17/07/2021,50,2430
6515,18/05/2021,45,130
9124,04/05/2021,77,2850
9649,20/08/2020,5,3400
8861,07/06/2021,56,2580
9718,30/12/2020,130,3460
7966,21/03/2021,14,1670
7006,20/11/2021,10,630
6684,25/10/2021,32,320
9598,23/09/2021,61,3320
8506,10/12/2021,19,2200
6840,29/10/2020,41,460
6562,26/10/2020,59,200
9387,17/06/2021,31,3130
7847,25/02/2021,57,1540
9835,18/05/2021,119,3570
9102,22/01/2021,77,2840
8240,06/08/2021,13,1930
6624,22/07/2020,146,260
6744,09/04/2021,62,370
9879,11/10/2021,64,3620
6758,22/11/2021,62,380
9667,27/11/2021,5,3410
7091,04/12/2021,44,720
9028,09/12/2021,23,2740
8143,09/06/2021,18,1850
9908,21/10/2021,73,3660
8379,21/09/2020,22,2080
6893,11/04/2021,41,510
8809,29/12/2021,16,2530
10289,26/08/2021,115,4140
6444,10/08/2020,141,70
9641,28/07/2021,5,3380
9804,30/05/2021,119,3530
7999,02/01/2021,14,1700
7055,12/09/2021,66,680
8066,06/04/2021,12,1760
6586,29/09/2020,40,230
8750,15/05/2021,16,2470
6676,30/11/2021,32,310
6677,30/12/2021,32,310
6449,10/01/2021,141,70
10059,09/07/2021,142,3840
8607,30/12/2021,28,2310
10314,04/07/2020,6,4160
7349,17/01/2021,33,1050
9699,13/05/2021,17,3430
10134,22/04/2021,4,4000
7901,02/07/2021,58,1590
6708,08/06/2021,47,340
7178,30/09/2021,133,840
10133,22/03/2021,4,4000
9086,15/11/2021,46,2810
7964,21/01/2021,14,1670
9508,18/03/2021,63,3250
8950,24/06/2021,95,2650
9437,13/10/2020,63,3210
7245,15/05/2021,70,900
8582,28/09/2021,97,2290
6559,26/12/2021,59,190
8629,04/07/2021,28,2330
9616,16/09/2021,8,3360
8606,30/11/2021,28,2310
8544,15/08/2021,122,2260
6756,22/09/2021,62,380
10109,26/08/2021,4,3970
8518,05/12/2021,7,2230
8685,30/06/2021,54,2410
7842,25/09/2020,57,1540
8353,29/08/2021,22,2050
9692,13/10/2020,17,3430
8799,25/09/2021,16,2520
9905,21/10/2021,64,3650
9627,21/10/2021,8,3370
6807,22/11/2021,105,420
7635,01/05/2021,74,1340
8697,17/09/2021,50,2430
8419,07/02/2021,72,2140
10052,09/12/2020,142,3840
10202,11/08/2021,115,4070
7025,15/11/2020,10,650
7090,22/12/2021,44,710
8473,01/11/2021,72,2170
8279,27/10/2021,43,1970
7089,22/11/2021,44,710
10040,16/10/2021,1,3790
10162,25/11/2020,93,4030
6436,13/07/2021,141,60
8586,17/10/2020,28,2300
9954,12/04/2021,73,3710
8173,24/07/2021,18,1870
6752,22/05/2021,62,380
9982,25/12/2020,25,3730
8105,28/06/2021,21,1800
8538,15/02/2021,122,2260
10217,24/10/2021,115,4080
9607,15/09/2021,8,3350
8781,05/12/2020,16,2500
7198,13/12/2021,133,850
7402,21/02/2021,37,1100
10050,09/10/2020,142,3840
10107,26/06/2021,4,3970
7318,01/05/2020,33,1010
9143,23/09/2021,77,2860
6386,27/11/2021,48,20
8174,24/08/2021,18,1870
9324,26/02/2021,24,3050
7223,15/06/2020,70,890
8435,12/09/2021,72,2150
6959,28/12/2021,108,570
6658,25/07/2021,9,280
10291,26/10/2021,115,4140
6453,10/05/2021,141,70
9386,17/05/2021,31,3130
7717,24/04/2021,36,1410
9315,03/06/2021,24,3040
8603,30/08/2021,28,2310
9441,13/02/2021,63,3210
6699,08/09/2020,47,340
9916,13/06/2021,73,3670
8049,12/09/2021,12,1740
7803,24/06/2021,71,1500
8736,03/09/2021,50,2460
7928,09/09/2021,20,1610
7684,16/10/2021,55,1380
6702,08/12/2020,47,340
9026,09/10/2021,23,2740
9861,01/10/2021,119,3600
8197,13/10/2021,13,1890
9456,13/09/2020,63,3220
9415,29/07/2021,134,3190
7313,28/08/2021,33,1000
7424,07/12/2020,51,1130
7027,15/01/2021,10,650
8024,20/01/2021,12,1730
6654,25/03/2021,9,280
8932,24/07/2021,87,2630
8145,09/08/2021,18,1850
6518,21/05/2021,45,140
8044,12/04/2021,12,1740
9585,23/08/2020,61,3320
7553,11/06/2021,2,1240
6483,04/12/2021,35,100
8645,21/11/2021,54,2350
7850,25/05/2021,57,1540
6749,09/09/2021,62,370
8117,25/02/2021,21,1820
10248,24/12/2020,115,4110
10363,12/10/2021,90,4190
8870,03/07/2020,56,2590
9597,23/08/2021,61,3320
8495,27/12/2021,19,2190
6992,17/03/2021,42,620
8991,28/08/2020,23,2690
7041,30/09/2021,10,660
9233,09/11/2021,49,2960
9063,04/04/2021,46,2770
8780,05/11/2020,16,2500
7681,16/07/2021,55,1380
10336,13/12/2020,90,4170
8971,09/11/2021,23,2670
8970,09/10/2021,23,2670
7597,27/10/2021,68,1280
10009,10/09/2021,25,3750
9719,30/01/2021,130,3460
8252,07/08/2021,13,1940
8548,15/12/2021,122,2260
9080,17/07/2021,46,2790
9151,13/06/2021,77,2870
9022,09/06/2021,23,2740
9548,19/05/2021,61,3290
9199,06/10/2020,49,2930
7608,01/07/2021,68,1300
6804,22/08/2021,105,420
9657,20/04/2021,5,3400
8609,05/06/2020,28,2320
9999,10/11/2020,25,3750
7438,21/11/2020,76,1150
9860,01/09/2021,119,3600
7708,24/07/2020,36,1410
9647,09/11/2021,5,3390
8109,28/10/2021,21,1800
7238,15/09/2021,70,890
9968,21/03/2021,25,3720
8232,07/09/2021,13,1920
6694,21/07/2021,32,330
6509,18/11/2020,45,130
8356,29/11/2021,22,2050
8513,05/07/2021,7,2230
10157,18/05/2021,38,4020
8342,28/06/2021,15,2030
8470,01/08/2021,72,2170
6746,09/06/2021,62,370
9183,13/01/2021,26,2920
7449,21/10/2021,76,1150
10233,14/10/2020,115,4100
9389,17/08/2021,31,3130
10351,12/10/2020,90,4190
9046,29/04/2021,23,2760
9477,28/03/2021,63,3230
8006,02/08/2021,14,1700
9848,30/12/2021,119,3580
10356,12/03/2021,90,4190
8717,02/12/2021,50,2440
9576,04/05/2021,61,3310
9920,13/10/2021,73,3670
8080,28/06/2021,34,1780
10311,28/11/2021,6,4150
9926,07/05/2021,73,3680
8092,28/05/2020,21,1800
7195,13/09/2021,133,850
9956,12/06/2021,73,3710
8283,12/10/2021,43,1980
6601,28/12/2021,40,230
10064,09/12/2021,142,3840
8589,17/01/2021,28,2300
8225,07/02/2021,13,1920
7863,14/07/2020,57,1560
7650,22/05/2021,74,1350
7939,12/09/2021,14,1630
9294,07/12/2020,24,3030
10245,14/10/2021,115,4100
9734,11/10/2021,52,3470
8862,07/07/2021,56,2580
9518,29/08/2021,63,3260
6884,09/12/2021,41,500
9260,03/05/2021,65,3000
9001,29/08/2021,23,2700
7643,22/10/2020,74,1350
8332,25/09/2021,15,2020
6652,25/01/2021,9,280
8913,22/10/2021,3,2610
8223,07/12/2020,13,1920
6881,09/09/2021,41,500
9638,28/04/2021,5,3380
9765,13/07/2020,123,3510
9444,13/05/2021,63,3210
6553,02/07/2021,59,180
7501,28/07/2021,2,1200
9334,26/12/2021,24,3050
8856,07/01/2021,56,2580
8694,17/06/2021,50,2430
7916,05/02/2021,58,1600
7252,15/12/2021,70,900
6869,28/12/2020,41,480
8662,01/05/2021,54,2380
6547,15/07/2021,82,170
10223,05/05/2021,115,4090
7727,30/06/2020,36,1420
7864,14/08/2020,57,1560
8064,06/02/2021,12,1760
8249,07/05/2021,13,1940
8940,04/08/2021,87,2640
7890,09/10/2021,57,1570
7256,25/06/2020,92,930
7879,14/11/2021,57,1560
7011,25/02/2021,10,640
7524,16/08/2021,2,1220
6446,10/10/2020,141,70
8783,05/02/2021,16,2500
7630,05/08/2021,74,1330
9955,12/05/2021,73,3710
7228,15/11/2020,70,890
8689,29/10/2021,54,2420
7984,12/10/2021,14,1680
7666,10/10/2021,55,1360
8312,01/09/2021,15,2000
10168,25/05/2021,93,4030
7886,09/06/2021,57,1570
8428,07/11/2021,72,2140
6372,27/09/2020,48,20
10256,24/08/2021,115,4110
8560,15/05/2021,97,2280
8642,21/08/2021,54,2350
10329,04/10/2021,6,4160
7763,23/04/2021,36,1450
9380,17/11/2020,31,3130
6574,25/08/2021,40,210
9053,29/11/2021,23,2760
6931,25/10/2021,108,540
8583,28/10/2021,97,2290
7603,24/11/2021,68,1290
6647,25/08/2020,9,280
9434,21/10/2021,134,3200
7038,15/12/2021,10,650
9161,24/03/2021,26,2880
7589,27/02/2021,68,1280
6524,21/11/2021,45,140
7374,08/10/2021,37,1060
9177,13/07/2020,26,2920
10320,04/01/2021,6,4160
7821,28/12/2021,71,1510
6736,11/10/2021,62,360
8619,05/04/2021,28,2320
9822,15/10/2021,119,3550
9134,23/12/2020,77,2860
8084,28/10/2021,34,1780
7910,05/08/2020,58,1600
7979,12/05/2021,14,1680
6650,25/11/2020,9,280
8150,07/12/2020,18,1860
7760,23/01/2021,36,1450
10117,28/02/2021,4,3990
6998,20/03/2021,10,630
6521,21/08/2021,45,140
8605,30/10/2021,28,2310
7569,03/08/2021,39,1250
8089,04/04/2021,34,1790
8128,20/07/2020,21,1830
8753,15/08/2021,16,2470
8436,12/10/2021,72,2150
10160,18/08/2021,38,4020
6933,25/12/2021,108,540
10098,12/12/2021,106,3920
6989,17/12/2020,42,620
7896,17/08/2021,58,1580
6421,01/07/2021,48,50
6417,01/03/2021,48,50
7463,17/09/2021,76,1160
7591,27/04/2021,68,1280
9867,08/07/2021,102,3610
7146,21/08/2021,67,790
9775,13/05/2021,123,3510
7549,11/02/2021,2,1240
10031,12/11/2021,1,3770
10066,28/06/2021,142,3860
9703,13/09/2021,17,3430
9875,11/06/2021,64,3620
6819,14/12/2021,105,430
8613,05/10/2020,28,2320
8546,15/10/2021,122,2260
9208,06/07/2021,49,2930
8088,04/03/2021,34,1790
10114,30/11/2020,4,3990
10085,08/09/2020,106,3890
7390,22/07/2021,37,1090
6405,19/05/2021,48,40
8333,25/10/2021,15,2020
7552,11/05/2021,2,1240
8528,28/03/2021,122,2250
6774,17/11/2021,62,400
9569,27/12/2021,61,3300
6630,22/01/2021,146,260
8067,06/05/2021,12,1760
6960,14/08/2021,108,580
7046,18/08/2021,66,670
7655,22/10/2021,74,1350
9497,25/06/2021,63,3240
8905,22/02/2021,3,2610
9095,27/01/2021,46,2820
7270,30/11/2021,92,950
10265,09/07/2020,115,4130
9984,25/02/2021,25,3730
7098,08/10/2021,44,730
10175,25/12/2021,93,4030
6917,24/03/2021,108,530
8584,28/11/2021,97,2290
8782,05/01/2021,16,2500
8046,12/06/2021,12,1740
8025,20/02/2021,12,1730
10003,10/03/2021,25,3750
9088,27/06/2020,46,2820
8756,15/11/2021,16,2470
7105,16/07/2021,44,750
7136,09/12/2021,67,780
7555,11/08/2021,2,1240
6519,21/06/2021,45,140
8294,18/08/2021,43,1990
8059,06/09/2020,12,1760
8124,25/09/2021,21,1820
7738,03/10/2021,36,1430
6617,28/08/2021,146,250
8846,24/10/2021,56,2560
9695,13/01/2021,17,3430
9280,25/01/2021,24,3020
8864,07/09/2021,56,2580
8482,27/11/2020,19,2190
7026,15/12/2020,10,650
9803,30/04/2021,119,3530
7075,18/09/2021,66,690
10197,11/03/2021,115,4070
7325,01/12/2020,33,1010
7437,21/10/2020,76,1150
9785,20/08/2020,119,3520
8885,03/10/2021,56,2590
9159,24/01/2021,26,2880
7415,13/05/2021,51,1110
9366,25/10/2020,31,3110
7467,27/02/2021,76,1170
7627,05/05/2021,74,1330
7290,09/12/2021,92,970
9761,30/10/2021,52,3500
6615,28/06/2021,146,250
10095,27/05/2021,106,3910
6762,05/03/2021,62,390
6616,28/07/2021,146,250
9337,19/10/2021,11,3060
8285,18/11/2020,43,1990
7326,01/01/2021,33,1010
8204,10/07/2021,13,1900
6778,13/02/2021,105,410
8304,01/01/2021,15,2000
7775,04/01/2021,75,1460
9573,04/02/2021,61,3310
8136,25/06/2021,21,1840
6557,26/10/2021,59,190
7412,21/12/2021,37,1100
9278,25/11/2020,24,3020
7173,27/07/2021,133,820
10139,22/09/2021,4,4000
8155,07/05/2021,18,1860
8626,05/11/2021,28,2320
7594,27/07/2021,68,1280
8415,07/10/2020,72,2140
8588,17/12/2020,28,2300
8042,12/02/2021,12,1740
10343,13/07/2021,90,4170
7016,25/07/2021,10,640
6539,15/11/2020,82,170
8144,09/07/2021,18,1850
7116,23/08/2021,44,760
8183,11/02/2021,18,1880
6737,11/11/2021,62,360
9800,20/11/2021,119,3520
7978,12/04/2021,14,1680
7670,20/09/2021,55,1370
9836,18/06/2021,119,3570
8957,21/09/2021,95,2660
8409,14/11/2021,22,2120
8524,22/12/2021,7,2240
9735,11/11/2021,52,3470
8800,25/10/2021,16,2520
7446,21/07/2021,76,1150
7533,21/05/2021,2,1230
7066,18/12/2020,66,690
10012,10/12/2021,25,3750
7427,07/03/2021,51,1130
10257,24/09/2021,115,4110
8570,29/09/2020,97,2290
8630,13/02/2021,28,2340
9608,15/10/2021,8,3350
8464,01/02/2021,72,2170
7095,08/07/2021,44,730
10172,25/09/2021,93,4030
6755,22/08/2021,62,380
10106,09/12/2021,106,3960
7661,10/05/2021,55,1360
10352,12/11/2020,90,4190
9728,28/10/2021,130,3460
6537,15/09/2020,82,170
9706,13/12/2021,17,3430
8562,15/07/2021,97,2280
6457,06/06/2020,141,80
8926,24/01/2021,87,2630
10341,13/05/2021,90,4170
7361,08/09/2020,37,1060
7502,28/08/2021,2,1200
6484,02/10/2020,35,110
7377,15/06/2021,37,1070
9192,13/10/2021,26,2920
9912,13/02/2021,73,3670
6438,13/09/2021,141,60
9730,28/12/2021,130,3460
7356,17/08/2021,33,1050
8338,28/02/2021,15,2030
9284,25/05/2021,24,3020
8683,24/12/2021,54,2400
6391,21/12/2020,48,30
10023,12/03/2021,1,3770
8412,07/07/2020,72,2140
10000,10/12/2020,25,3750
8784,05/03/2021,16,2500
7096,08/08/2021,44,730
8793,05/12/2021,16,2500
8691,29/12/2021,54,2420
6964,22/08/2020,60,590
7092,08/04/2021,44,730
8182,11/01/2021,18,1880
10041,16/11/2021,1,3790
6997,20/02/2021,10,630
7699,13/06/2021,55,1390
9868,08/08/2021,102,3610
6915,24/01/2021,108,530
8277,25/12/2021,43,1960
7895,17/07/2021,58,1580
6477,04/06/2021,35,100
8318,01/02/2021,15,2010
8914,22/11/2021,3,2610
7298,23/12/2021,80,980
7789,21/09/2021,75,1470
7479,08/08/2020,76,1180
7190,13/04/2021,133,850
9751,28/08/2021,52,3490
7832,17/04/2021,57,1530
9944,14/07/2021,73,3690
6967,22/11/2020,60,590
8380,21/10/2020,22,2080
6440,13/11/2021,141,60
7993,02/07/2020,14,1700
6721,15/05/2021,47,350
6649,25/10/2020,9,280
9012,29/12/2021,23,2710
9716,31/10/2020,130,3460
8311,01/08/2021,15,2000
8549,25/03/2021,97,2270
6985,17/08/2020,42,620
8558,25/12/2021,97,2270
7352,17/04/2021,33,1050
9458,13/11/2020,63,3220
6950,28/03/2021,108,570
8179,11/10/2020,18,1880
10073,08/09/2021,142,3870
9738,01/11/2021,52,3480
7622,26/10/2021,74,1320
8563,15/08/2021,97,2280
6742,09/02/2021,62,370
7547,11/12/2020,2,1240
8889,08/04/2021,3,2600
7558,11/11/2021,2,1240
6545,15/05/2021,82,170
8076,09/08/2021,34,1770
9829,18/11/2020,119,3570
8523,22/11/2021,7,2240
6516,18/06/2021,45,130
9257,03/02/2021,65,3000
8099,28/12/2020,21,1800
9289,25/10/2021,24,3020
7435,21/08/2020,76,1150
8389,21/07/2021,22,2080
6403,21/12/2021,48,30
10080,18/11/2021,142,3880
6854,28/12/2021,41,460
7550,11/03/2021,2,1240
7539,21/11/2021,2,1230
10070,28/10/2021,142,3860
7498,28/04/2021,2,1200
7845,25/12/2020,57,1540
9792,20/03/2021,119,3520
9511,18/06/2021,63,3250
9538,16/12/2021,61,3280
8317,01/01/2021,15,2010
7013,25/04/2021,10,640
7212,04/03/2021,70,880
8226,07/03/2021,13,1920
7114,23/06/2021,44,760
8894,08/09/2021,3,2600
9115,04/08/2020,77,2850
8931,24/06/2021,87,2630
9855,01/04/2021,119,3600
9919,13/09/2021,73,3670
7328,01/03/2021,33,1010
8960,21/12/2021,95,2660
7288,09/10/2021,92,970
9287,25/08/2021,24,3020
7227,15/10/2020,70,890
9756,31/05/2021,52,3500
9644,28/10/2021,5,3380
9809,30/10/2021,119,3530
7197,13/11/2021,133,850
7117,23/09/2021,44,760
7619,19/10/2021,74,1310
8677,16/08/2021,54,2390
9852,01/01/2021,119,3600
7278,09/12/2020,92,970
9246,29/10/2021,49,2980
9887,01/08/2021,64,3630
7052,12/06/2021,66,680
9827,18/09/2020,119,3570
7714,24/01/2021,36,1410
6628,22/11/2020,146,260
9670,25/07/2020,17,3420
9445,13/06/2021,63,3210
9990,25/08/2021,25,3730
9744,30/01/2021,52,3490
8806,29/09/2021,16,2530
8138,09/01/2021,18,1850
10307,28/07/2021,6,4150
8775,01/08/2021,16,2490
7050,18/12/2021,66,670
9414,29/10/2020,134,3180
9363,03/06/2021,11,3100
7671,20/10/2021,55,1370
7745,04/10/2020,36,1440
10323,04/04/2021,6,4160
7384,10/11/2021,37,1080
6582,07/09/2021,40,220
9998,13/12/2021,25,3740
8865,07/10/2021,56,2580
9217,07/12/2021,49,2940
7339,28/10/2021,33,1020
9945,14/08/2021,73,3690
6621,28/12/2021,146,250
9862,01/11/2021,119,3600
7506,28/12/2021,2,1200
8952,24/08/2021,95,2650
7321,01/08/2020,33,1010
10364,12/11/2021,90,4190
7172,27/06/2021,133,820
6934,30/01/2021,108,550
8091,04/06/2021,34,1790
9195,06/06/2020,49,2930
7859,14/06/2020,57,1550
6550,15/10/2021,82,170
8858,07/03/2021,56,2580
9722,28/04/2021,130,3460
6764,05/05/2021,62,390
8702,02/09/2020,50,2440
7905,02/11/2021,58,1590
9904,21/09/2021,64,3650
9300,07/06/2021,24,3030
6639,22/10/2021,146,260
9903,21/08/2021,64,3650
6810,14/03/2021,105,430
7822,14/04/2021,71,1520
7413,13/03/2021,51,1110
9754,28/11/2021,52,3490
7736,03/08/2021,36,1430
7141,21/03/2021,67,790
7987,12/08/2021,14,1690
7695,13/02/2021,55,1390
9833,18/03/2021,119,3570
8634,13/06/2021,28,2340
10174,25/11/2021,93,4030
7971,21/08/2021,14,1670
6573,25/07/2021,40,210
10359,12/06/2021,90,4190
7465,17/11/2021,76,1160
9553,19/10/2021,61,3290
8874,03/11/2020,56,2590
8608,05/05/2020,28,2320
6679,25/05/2021,32,320
9974,21/09/2021,25,3720
8774,01/07/2021,16,2490
6800,22/04/2021,105,420
7776,04/02/2021,75,1460
9085,15/10/2021,46,2810
9467,13/08/2021,63,3220
9537,16/11/2021,61,3280
6918,24/04/2021,108,530
8437,12/11/2021,72,2150
8393,21/11/2021,22,2080
8100,28/01/2021,21,1800
8944,04/12/2021,87,2640
10058,09/06/2021,142,3840
8446,09/01/2021,72,2160
7691,13/10/2020,55,1390
9438,13/11/2020,63,3210
7746,04/11/2020,36,1440
8525,28/12/2020,122,2250
8854,07/11/2020,56,2580
9851,01/12/2020,119,3600
9395,05/11/2020,31,3140
8344,28/08/2021,15,2030
8833,23/07/2021,16,2550
8229,07/06/2021,13,1920
6490,02/04/2021,35,110
9214,07/09/2021,49,2940
6511,18/01/2021,45,130
8639,13/11/2021,28,2340
6542,15/02/2021,82,170
9708,12/07/2021,130,3440
7809,24/12/2021,71,1500
6411,19/11/2021,48,40
8757,15/12/2021,16,2470
6691,21/04/2021,32,330
8707,02/02/2021,50,2440
10354,12/01/2021,90,4190
9083,15/08/2021,46,2810
8974,31/08/2020,23,2680
8188,11/07/2021,18,1880
9129,04/10/2021,77,2850
8013,22/04/2021,132,1720
8406,29/10/2021,22,2110
6839,29/09/2020,41,460
8999,28/04/2021,23,2690
8087,04/02/2021,34,1790
7609,01/08/2021,68,1300
8760,29/08/2020,16,2480
7257,25/07/2020,92,930
6855,03/03/2021,41,470
9141,23/07/2021,77,2860
9400,09/06/2021,31,3150
7398,21/10/2020,37,1100
10362,12/09/2021,90,4190
8330,25/07/2021,15,2020
9412,29/08/2020,134,3180
9338,19/11/2021,11,3060
6939,28/06/2021,108,550
6793,22/09/2020,105,420
7764,23/05/2021,36,1450
7305,28/11/2021,33,990
7308,28/03/2021,33,1000
9404,09/10/2021,31,3150
9417,29/09/2021,134,3190
7169,27/03/2021,133,820
7878,14/10/2021,57,1560
8652,28/12/2020,54,2370
7811,28/02/2021,71,1510
8786,05/05/2021,16,2500
9931,07/10/2021,73,3680
9489,25/10/2020,63,3240
9558,27/01/2021,61,3300
7710,24/09/2020,36,1410
8620,05/05/2021,28,2320
9352,27/10/2021,11,3090
8335,25/12/2021,15,2020
6777,13/01/2021,105,410
9136,23/02/2021,77,2860
10159,18/07/2021,38,4020
7003,20/08/2021,10,630
9626,21/09/2021,8,3370
10252,24/04/2021,115,4110
6671,17/11/2021,30,290
7082,26/12/2021,44,700
8247,07/03/2021,13,1940
8468,01/06/2021,72,2170
10170,25/07/2021,93,4030
6904,05/07/2021,27,520
8553,25/07/2021,97,2270
8010,02/12/2021,14,1700
9326,26/04/2021,24,3050
7160,26/12/2021,67,810
10214,24/07/2021,115,4080
6841,29/11/2020,41,460
7273,05/04/2021,92,960
8029,20/06/2021,12,1730
7636,01/06/2021,74,1340
9234,09/12/2021,49,2960
6888,11/11/2020,41,510
7008,25/11/2020,10,640
9126,04/07/2021,77,2850
7077,18/11/2021,66,690
9137,23/03/2021,77,2860
10277,09/07/2021,115,4130
8149,07/11/2020,18,1860
7383,15/12/2021,37,1070
10086,08/10/2020,106,3890
10238,14/03/2021,115,4100
9841,18/11/2021,119,3570
8674,16/05/2021,54,2390
8949,24/05/2021,95,2650
8596,17/08/2021,28,2300
9847,30/11/2021,119,3580
6501,20/08/2021,35,120
7877,14/09/2021,57,1560
9210,06/09/2021,49,2930
9759,30/08/2021,52,3500
9975,21/10/2021,25,3720
8456,09/11/2021,72,2160
7623,26/11/2021,74,1320
7215,04/06/2021,70,880
6590,29/01/2021,40,230
6580,07/07/2021,40,220
8758,29/06/2020,16,2480
8628,04/06/2021,28,2330
9398,09/04/2021,31,3150
7317,28/12/2021,33,1000
9158,24/12/2020,26,2880
9505,18/12/2020,63,3250
7232,15/03/2021,70,890
8643,21/09/2021,54,2350
8000,02/02/2021,14,1700
7342,17/10/2021,33,1030
9559,27/02/2021,61,3300
10125,28/10/2021,4,3990
6636,22/07/2021,146,260
9307,03/10/2020,24,3040
7747,04/12/2020,36,1440
8065,06/03/2021,12,1760
8108,28/09/2021,21,1800
8772,01/05/2021,16,2490
6908,05/11/2021,27,520
6395,21/04/2021,48,30
10027,12/07/2021,1,3770
8631,13/03/2021,28,2340
6705,08/03/2021,47,340
6732,11/06/2021,62,360
7694,13/01/2021,55,1390
6795,22/11/2020,105,420
9052,29/10/2021,23,2760
6858,03/06/2021,41,470
9451,13/12/2021,63,3210
7697,13/04/2021,55,1390
9487,25/08/2020,63,3240
6546,15/06/2021,82,170
8710,02/05/2021,50,2440
8801,25/11/2021,16,2520
6946,18/09/2021,108,560
7267,30/08/2021,92,950
6502,20/09/2021,35,120
7848,25/03/2021,57,1540
9176,01/08/2021,26,2910
9405,30/06/2021,134,3160
9367,25/11/2020,31,3110
6695,21/08/2021,32,330
7203,21/09/2021,69,860
10038,16/08/2021,1,3790
9976,21/11/2021,25,3720
8163,24/09/2020,18,1870
7408,21/08/2021,37,1100
8632,13/04/2021,28,2340
7133,09/09/2021,67,780
6412,19/12/2021,48,40
8882,03/07/2021,56,2590
7263,12/02/2021,92,940
10013,25/06/2021,25,3760
7477,27/12/2021,76,1170
9321,26/11/2020,24,3050
8787,05/06/2021,16,2500
6984,12/09/2021,60,610
8424,07/07/2021,72,2140
8980,28/02/2021,23,2690
6712,08/10/2021,47,340
7246,15/06/2021,70,900
7058,12/12/2021,66,680
9301,07/07/2021,24,3030
9030,14/09/2020,23,2750
8850,07/07/2020,56,2580
9259,03/04/2021,65,3000
7099,08/11/2021,44,730
6864,03/12/2021,41,470
8568,29/07/2020,97,2290
7500,28/06/2021,2,1200
10220,05/02/2021,115,4090
8434,12/08/2021,72,2150
6977,28/05/2021,60,600
9888,01/09/2021,64,3630
9251,14/09/2021,65,2990
7489,28/07/2020,2,1200
6768,05/09/2021,62,390
8943,04/11/2021,87,2640
7191,13/05/2021,133,850
6532,05/11/2020,45,150
9299,07/05/2021,24,3030
7129,09/05/2021,67,780
8045,12/05/2021,12,1740
9839,18/09/2021,119,3570
8735,03/08/2021,50,2460
6497,02/11/2021,35,110
9780,13/10/2021,123,3510
10295,28/07/2020,6,4150
8964,09/04/2021,23,2670
6859,03/07/2021,41,470
7093,08/05/2021,44,730
10116,30/01/2021,4,3990
8454,09/09/2021,72,2160
7614,19/05/2021,74,1310
6536,30/09/2021,82,160
7894,17/06/2021,58,1580
9258,03/03/2021,65,3000
9201,06/12/2020,49,2930
7131,09/07/2021,67,780
7536,21/08/2021,2,1230
7640,01/10/2021,74,1340
8771,01/04/2021,16,2490
10035,11/12/2021,1,3780
7387,22/04/2021,37,1090
10060,09/08/2021,142,3840
7656,22/11/2021,74,1350
8916,04/08/2021,3,2620
10005,10/05/2021,25,3750
9027,09/11/2021,23,2740
9666,27/10/2021,5,3410
7541,11/06/2020,2,1240
9565,27/08/2021,61,3300
6878,09/06/2021,41,500
8443,09/10/2020,72,2160
6456,06/05/2020,141,80
10055,09/03/2021,142,3840
8650,28/10/2020,54,2370
9830,18/12/2020,119,3570
8676,16/07/2021,54,2390
7838,17/10/2021,57,1530
7100,08/12/2021,44,730
8968,09/08/2021,23,2670
9814,15/02/2021,119,3550
7474,27/09/2021,76,1170
6905,05/08/2021,27,520
8201,10/04/2021,13,1900
6631,22/02/2021,146,260
7767,23/08/2021,36,1450
8135,25/05/2021,21,1840
8451,09/06/2021,72,2160
7639,01/09/2021,74,1340
8306,01/03/2021,15,2000
10124,28/09/2021,4,3990
6420,01/06/2021,48,50
9292,07/10/2020,24,3030
7904,02/10/2021,58,1590
9880,11/11/2021,64,3620
9560,27/03/2021,61,3300
8122,25/07/2021,21,1820
9288,25/09/2021,24,3020
8220,07/09/2020,13,1920
7786,04/12/2021,75,1460
9116,04/09/2020,77,2850
8678,16/09/2021,54,2390
8918,04/10/2021,3,2620
8928,24/03/2021,87,2630
7219,04/10/2021,70,880
9604,03/11/2021,8,3340
9536,16/10/2021,61,3280
7906,02/12/2021,58,1590
10177,06/12/2021,93,4040
7865,14/09/2020,57,1560
9170,24/01/2021,26,2890
6505,20/12/2021,35,120
8273,25/08/2021,43,1960
10043,05/08/2020,1,3810
10215,24/08/2021,115,4080
9837,18/07/2021,119,3570
9766,13/08/2020,123,3510
8271,25/06/2021,43,1960
8708,02/03/2021,50,2440
10119,28/04/2021,4,3990
9507,18/02/2021,63,3250
8062,06/12/2020,12,1760
8325,01/09/2021,15,2010
10044,05/09/2020,1,3810
6526,05/05/2020,45,150
9900,23/10/2021,64,3640
8003,02/05/2021,14,1700
6820,05/01/2021,105,440
10249,24/01/2021,115,4110
9449,13/10/2021,63,3210
8038,12/10/2020,12,1740
9110,22/09/2021,77,2840
8340,28/04/2021,15,2030
9498,25/07/2021,63,3240
9065,04/06/2021,46,2770
8751,15/06/2021,16,2470
9306,07/12/2021,24,3030
9865,08/05/2021,102,3610
9973,21/08/2021,25,3720
10243,14/08/2021,115,4100
6739,09/11/2020,62,370
10331,04/12/2021,6,4160
9474,30/12/2020,63,3230
7949,08/01/2021,14,1660
9206,06/05/2021,49,2930
8040,12/12/2020,12,1740
8839,24/03/2021,56,2560
9216,07/11/2021,49,2940
8397,23/06/2021,22,2090
8511,09/10/2020,19,2210
8623,05/08/2021,28,2320
7469,27/04/2021,76,1170
7759,04/12/2021,36,1440
6745,09/05/2021,62,370
9328,26/06/2021,24,3050
9874,11/05/2021,64,3620
6384,27/09/2021,48,20
9941,14/04/2021,73,3690
7164,27/10/2020,133,820
9160,24/02/2021,26,2880
8399,23/08/2021,22,2090
8514,05/08/2021,7,2230
9256,03/01/2021,65,3000
9243,29/07/2021,49,2980
8074,06/12/2021,12,1760
6464,06/01/2021,141,80
9550,19/07/2021,61,3290
6410,19/10/2021,48,40
7702,13/09/2021,55,1390
10065,13/12/2021,142,3850
9602,20/11/2021,8,3330
9142,23/08/2021,77,2860
9164,24/06/2021,26,2880
8765,29/01/2021,16,2480
9491,25/12/2020,63,3240
7113,23/05/2021,44,760
9502,25/11/2021,63,3240
9472,30/10/2020,63,3230
8261,20/09/2020,43,1950
9564,27/07/2021,61,3300
9150,13/05/2021,77,2870
7019,25/10/2021,10,640
8193,11/12/2021,18,1880
9227,09/05/2021,49,2960
7475,27/10/2021,76,1170
9784,20/07/2020,119,3520
6600,28/11/2021,40,230
9269,16/04/2021,65,3010
8575,28/02/2021,97,2290
9219,30/07/2021,49,2950
9200,06/11/2020,49,2930
7696,13/03/2021,55,1390
6867,28/10/2020,41,480
6535,30/08/2021,82,160
9285,25/06/2021,24,3020
9614,16/07/2021,8,3360
8966,09/06/2021,23,2670
6751,22/04/2021,62,380
7357,17/09/2021,33,1050
8444,09/11/2020,72,2160
9057,04/10/2020,46,2770
6529,05/08/2020,45,150
8002,02/04/2021,14,1700
10091,08/03/2021,106,3890
7331,01/06/2021,33,1010
9528,16/02/2021,61,3280
7543,11/08/2020,2,1240
9091,27/09/2020,46,2820
6986,17/09/2020,42,620
9038,14/05/2021,23,2750
8329,25/06/2021,15,2020
9146,23/12/2021,77,2860
8322,01/06/2021,15,2010
9073,10/12/2020,46,2780
9172,24/03/2021,26,2890
6850,28/08/2021,41,460
7478,08/07/2020,76,1180
7497,28/03/2021,2,1200
9856,01/05/2021,119,3600
6378,27/03/2021,48,20
8048,12/08/2021,12,1740
6954,28/07/2021,108,570
6716,15/12/2020,47,350
6627,22/10/2020,146,260
9873,11/04/2021,64,3620
7355,17/07/2021,33,1050
7184,13/10/2020,133,850
8218,07/07/2020,13,1920
8759,29/07/2020,16,2480
8291,18/05/2021,43,1990
6883,09/11/2021,41,500
8536,28/11/2021,122,2250
7400,21/12/2020,37,1100
9247,29/11/2021,49,2980
7926,05/12/2021,58,1600
7048,18/10/2021,66,670
7709,24/08/2020,36,1410
6377,27/02/2021,48,20
8516,05/10/2021,7,2230
7153,27/10/2021,67,800
9788,20/11/2020,119,3520
10303,28/03/2021,6,4150
6592,28/03/2021,40,230
7819,28/10/2021,71,1510
8350,29/05/2021,22,2050
10068,28/08/2021,142,3860
9936,14/11/2020,73,3690
7934,05/07/2020,20,1620
7362,08/10/2020,37,1060
10358,12/05/2021,90,4190
6491,02/05/2021,35,110
7592,27/05/2021,68,1280
6849,28/07/2021,41,460
9081,15/11/2021,46,2800
8610,05/07/2020,28,2320
7179,30/10/2021,133,840
6380,27/05/2021,48,20
7982,12/08/2021,14,1680
9906,21/08/2021,73,3660
8231,07/08/2021,13,1920
9531,16/05/2021,61,3280
6780,13/04/2021,105,410
9970,21/05/2021,25,3720
8316,01/12/2020,15,2010
6375,27/12/2020,48,20
8234,07/11/2021,13,1920
7421,07/09/2020,51,1130
8299,01/08/2020,15,2000
10089,08/01/2021,106,3890
7165,27/11/2020,133,820
8975,30/09/2020,23,2680
8843,24/07/2021,56,2560
8057,04/12/2021,12,1750
7481,08/10/2020,76,1180
10123,28/08/2021,4,3990
10169,25/06/2021,93,4030
8767,01/12/2020,16,2490
8429,07/12/2021,72,2140
9211,06/10/2021,49,2930
6791,22/07/2020,105,420
7756,04/09/2021,36,1440
6407,19/07/2021,48,40
8911,22/08/2021,3,2610
6605,06/08/2021,146,240
9791,20/02/2021,119,3520
7774,04/12/2020,75,1460
6443,10/07/2020,141,70
7213,04/04/2021,70,880
9024,09/08/2021,23,2740
8458,01/08/2020,72,2170
7336,01/11/2021,33,1010
7494,28/12/2020,2,1200
9105,22/04/2021,77,2840
9664,20/11/2021,5,3400
8043,12/03/2021,12,1740
8714,02/09/2021,50,2440
8830,23/04/2021,16,2550
7418,13/08/2021,51,1110
6700,08/10/2020,47,340
7425,07/01/2021,51,1130
10292,26/11/2021,115,4140
7892,09/12/2021,57,1570
8334,25/11/2021,15,2020
9787,20/10/2020,119,3520
9123,04/04/2021,77,2850
9894,23/04/2021,64,3640
7642,01/12/2021,74,1340
7673,20/12/2021,55,1370
9590,23/01/2021,61,3320
9447,13/08/2021,63,3210
10212,24/05/2021,115,4080
7334,01/09/2021,33,1010
9983,25/01/2021,25,3730
9500,25/09/2021,63,3240
8929,24/04/2021,87,2630
6718,15/02/2021,47,350
8016,22/07/2021,132,1720
7065,18/11/2020,66,690
9450,13/11/2021,63,3210
9402,09/08/2021,31,3150
7777,04/03/2021,75,1460
8272,25/07/2021,43,1960
8515,05/09/2021,7,2230
9224,30/12/2021,49,2950
7595,27/08/2021,68,1280
7304,28/10/2021,33,990
9710,12/09/2021,130,3440
6543,15/03/2021,82,170
6706,08/04/2021,47,340
7947,08/11/2020,14,1660
9570,04/11/2020,61,3310
7854,25/09/2021,57,1540
8903,22/12/2020,3,2610
7138,21/12/2020,67,790
8499,10/05/2021,19,2200
6690,21/03/2021,32,330
8133,20/12/2020,21,1830
7753,04/06/2021,36,1440
8156,07/06/2021,18,1860
6450,10/02/2021,141,70
10271,09/01/2021,115,4130
8924,24/11/2020,87,2630
8375,13/11/2021,22,2060
6940,28/07/2021,108,550
9082,15/12/2021,46,2800
9748,28/05/2021,52,3490
8130,20/09/2020,21,1830
9506,18/01/2021,63,3250
9340,13/10/2020,11,3070
7062,18/08/2020,66,690
9534,16/08/2021,61,3280
7908,05/06/2020,58,1600
9408,30/09/2021,134,3160
6999,20/04/2021,10,630
7565,03/04/2021,39,1250
9979,25/09/2020,25,3730
7271,30/12/2021,92,950
9859,01/08/2021,119,3600
6682,25/08/2021,32,320
8939,04/07/2021,87,2640
7353,17/05/2021,33,1050
7783,04/09/2021,75,1460
9640,28/06/2021,5,3380
6835,11/12/2021,105,450
6472,04/01/2021,35,100
9165,24/07/2021,26,2880
10268,09/10/2020,115,4130
8522,22/10/2021,7,2240
6493,02/07/2021,35,110
7769,23/10/2021,36,1450
7142,21/04/2021,67,790
8475,07/12/2021,19,2180
8829,23/03/2021,16,2550
8573,29/12/2020,97,2290
8969,09/09/2021,23,2670
9232,09/10/2021,49,2960
7206,21/12/2021,69,860
6629,22/12/2020,146,260
9586,23/09/2020,61,3320
9805,30/06/2021,119,3530
6555,02/09/2021,59,180
7199,21/05/2021,69,860
9858,01/07/2021,119,3600
6576,25/10/2021,40,210
6856,03/04/2021,41,470
7858,14/05/2020,57,1550
6632,22/03/2021,146,260
7204,21/10/2021,69,860
6659,25/08/2021,9,280
8696,17/08/2021,50,2430
8881,03/06/2021,56,2590
7933,05/06/2020,20,1620
8693,17/05/2021,50,2430
6886,11/09/2020,41,510
7368,08/04/2021,37,1060
6638,22/09/2021,146,260
9933,07/12/2021,73,3680
8170,24/04/2021,18,1870
8983,28/05/2021,23,2690
7187,13/01/2021,133,850
7513,13/06/2021,2,1210
8152,07/02/2021,18,1860
8346,28/10/2021,15,2030
9466,13/07/2021,63,3220
6696,21/09/2021,32,330
8820,23/12/2021,16,2540
8972,09/12/2021,23,2670
9293,07/11/2020,24,3030
8739,03/12/2021,50,2460
10165,25/02/2021,93,4030
7110,16/12/2021,44,750
10135,22/05/2021,4,4000
10296,28/08/2020,6,4150
9003,29/03/2021,23,2710
7194,13/08/2021,133,850
9646,28/12/2021,5,3380
10309,28/09/2021,6,4150
9041,14/08/2021,23,2750
9264,03/09/2021,65,3000
7072,18/06/2021,66,690
8268,20/04/2021,43,1950
7296,23/10/2021,80,980
10274,09/04/2021,115,4130
8211,30/06/2021,13,1910
7652,22/07/2021,74,1350
10137,22/07/2021,4,4000
8047,12/07/2021,12,1740
9769,13/11/2020,123,3510
9163,24/05/2021,26,2880
9049,29/07/2021,23,2760
9566,27/09/2021,61,3300
7024,15/10/2020,10,650
7401,21/01/2021,37,1100
8744,15/11/2020,16,2470
8310,01/07/2021,15,2000
9399,09/05/2021,31,3150
9613,16/06/2021,8,3360
7950,08/02/2021,14,1660
8292,18/06/2021,43,1990
7645,22/12/2020,74,1350
8535,28/10/2021,122,2250
7167,27/01/2021,133,820
6906,05/09/2021,27,520
6549,15/09/2021,82,170
9510,18/05/2021,63,3250
6374,27/11/2020,48,20
7348,22/12/2021,33,1040
8967,09/07/2021,23,2670
8836,23/10/2021,16,2550
10250,24/02/2021,115,4110
8920,04/12/2021,3,2620
9119,04/12/2020,77,2850
9006,29/06/2021,23,2710
7888,09/08/2021,57,1570
8476,27/05/2020,19,2190
9599,23/10/2021,61,3320
9482,28/08/2021,63,3230
8938,04/06/2021,87,2640
8545,15/09/2021,122,2260
6481,04/10/2021,35,100
9236,16/09/2021,49,2970
6572,25/06/2021,40,210
8909,22/06/2021,3,2610
7943,26/06/2021,14,1650
9156,13/11/2021,77,2870
9840,18/10/2021,119,3570
7302,28/08/2021,33,990
7040,30/08/2021,10,660
10288,26/07/2021,115,4140
9758,30/07/2021,52,3500
9155,13/10/2021,77,2870
9346,13/04/2021,11,3070
6466,06/03/2021,141,80
6980,28/08/2021,60,600
9493,25/02/2021,63,3240
8296,18/10/2021,43,1990
7573,03/12/2021,39,1250
10167,25/04/2021,93,4030
8265,20/01/2021,43,1950
9808,30/09/2021,119,3530
9255,03/12/2020,65,3000
8355,29/10/2021,22,2050
8728,03/01/2021,50,2460
7239,15/10/2021,70,890
8593,17/05/2021,28,2300
6941,28/08/2021,108,550
7674,16/12/2020,55,1380
6916,24/02/2021,108,530
6809,14/02/2021,105,430
9950,19/09/2021,73,3700
8263,20/11/2020,43,1950
8242,06/10/2021,13,1930
7758,04/11/2021,36,1440
7580,08/10/2021,39,1260
6527,05/06/2020,45,150
9166,24/08/2021,26,2880
8132,20/11/2020,21,1830
6817,14/10/2021,105,430
9308,03/11/2020,24,3040
7742,04/07/2020,36,1440
8812,23/04/2021,16,2540
8591,17/03/2021,28,2300
7637,01/07/2021,74,1340
9145,23/11/2021,77,2860
6568,26/04/2021,59,200
8478,27/07/2020,19,2190
7732,30/11/2020,36,1420
7834,17/06/2021,57,1530
7189,13/03/2021,133,850
8594,17/06/2021,28,2300
7626,05/04/2021,74,1330
7012,25/03/2021,10,640
7127,09/03/2021,67,780
6837,29/07/2020,41,460
8194,13/07/2021,13,1890
9238,16/11/2021,49,2970
10193,11/11/2020,115,4070
8868,03/05/2020,56,2590
8421,07/04/2021,72,2140
8467,01/05/2021,72,2170
7209,04/12/2020,70,880
7837,17/09/2021,57,1530
10048,09/08/2020,142,3830
7496,28/02/2021,2,1200
7953,08/05/2021,14,1660
9929,07/08/2021,73,3680
6625,22/08/2020,146,260
8224,07/01/2021,13,1920
8009,02/11/2021,14,1700
8539,15/03/2021,122,2260
9603,20/12/2021,8,3330
8541,15/05/2021,122,2260
9350,27/08/2021,11,3090
8243,06/11/2021,13,1930
7307,28/02/2021,33,1000
7737,03/09/2021,36,1430
7814,28/05/2021,71,1510
9420,29/12/2021,134,3190
9948,14/11/2021,73,3690
8021,22/12/2021,132,1720
10319,04/12/2020,6,4160
8837,23/11/2021,16,2550
6514,18/04/2021,45,130
9618,16/11/2021,8,3360
9413,29/09/2020,134,3180
8641,21/07/2021,54,2350
8094,28/07/2020,21,1800
8611,05/08/2020,28,2320
6653,25/02/2021,9,280
7698,13/05/2021,55,1390
8028,20/05/2021,12,1730
6928,25/07/2021,108,540
7170,27/04/2021,133,820
8579,28/06/2021,97,2290
8530,28/05/2021,122,2250
9655,20/02/2021,5,3400
7207,14/10/2021,70,870
7103,18/11/2021,44,740
8366,13/02/2021,22,2060
6704,08/02/2021,47,340
6373,27/10/2020,48,20
6956,28/09/2021,108,570
7291,23/05/2021,80,980
6957,28/10/2021,108,570
6558,26/11/2021,59,190
10285,26/04/2021,115,4140
7995,02/09/2020,14,1700
10313,04/06/2020,6,4160
9991,25/09/2021,25,3730
9000,28/05/2021,23,2690
8236,06/04/2021,13,1930
9358,03/01/2021,11,3100
7824,14/06/2021,71,1520
9615,16/08/2021,8,3360
7470,27/05/2021,76,1170
7168,27/02/2021,133,820
9747,28/04/2021,52,3490
9910,13/12/2020,73,3670
9947,14/10/2021,73,3690
8362,13/10/2020,22,2060
8439,09/06/2020,72,2160
7056,12/10/2021,66,680
8189,11/08/2021,18,1880
7624,26/12/2021,74,1320
9715,29/12/2021,130,3450
8103,28/04/2021,21,1800
8320,01/04/2021,15,2010
9885,01/06/2021,64,3630
6463,06/12/2020,141,80
8897,08/12/2021,3,2600
10239,14/04/2021,115,4100
9079,17/06/2021,46,2790
9709,12/08/2021,130,3440
8148,09/11/2021,18,1850
7665,10/09/2021,55,1360
8395,23/04/2021,22,2090
6797,22/01/2021,105,420
7570,03/09/2021,39,1250
7420,07/08/2020,51,1130
10033,11/10/2021,1,3780
8732,03/05/2021,50,2460
9658,20/05/2021,5,3400
8303,01/12/2020,15,2000
10034,11/11/2021,1,3780
9733,11/09/2021,52,3470
8071,06/09/2021,12,1760
6480,04/09/2021,35,100
7023,15/09/2020,10,650
8852,07/09/2020,56,2580
7461,17/07/2021,76,1160
8822,23/08/2020,16,2550
9501,25/10/2021,63,3240
8666,01/09/2021,54,2380
6801,22/05/2021,105,420
9390,17/09/2021,31,3130
9373,25/05/2021,31,3110
6726,11/12/2020,62,360
8977,30/11/2020,23,2680
6860,03/08/2021,41,470
7913,05/11/2020,58,1600
8953,24/09/2021,95,2650
10075,08/11/2021,142,3870
9093,27/11/2020,46,2820
10149,14/06/2021,38,4010
8221,07/10/2020,13,1920
8963,09/03/2021,23,2670
8327,01/11/2021,15,2010
7430,21/07/2021,76,1140
6930,25/09/2021,108,540
8309,01/06/2021,15,2000
8420,07/03/2021,72,2140
7968,21/05/2021,14,1670
7086,22/08/2021,44,710
7988,12/09/2021,14,1690
7035,15/09/2021,10,650
7689,13/08/2020,55,1390
9120,04/01/2021,77,2850
9704,13/10/2021,17,3430
7360,08/08/2020,37,1060
8729,03/02/2021,50,2460
7471,27/06/2021,76,1170
8448,09/03/2021,72,2160
8716,02/11/2021,50,2440
6803,22/07/2021,105,420
7280,09/02/2021,92,970
6646,25/07/2020,9,280
7564,03/03/2021,39,1250
9111,22/10/2021,77,2840
7106,16/08/2021,44,750
6701,08/11/2020,47,340
7490,28/08/2020,2,1200
7351,17/03/2021,33,1050
8237,06/05/2021,13,1930
8569,29/08/2020,97,2290
8659,28/07/2021,54,2370
7330,01/05/2021,33,1010
7147,21/09/2021,67,790
8307,01/04/2021,15,2000
7855,25/10/2021,57,1540
6641,22/12/2021,146,260
7265,30/06/2021,92,950
7333,01/08/2021,33,1010
7443,21/04/2021,76,1150
9552,19/09/2021,61,3290
9707,12/06/2021,130,3440
8692,17/04/2021,50,2430
6796,22/12/2020,105,420
7266,30/07/2021,92,950
10187,06/12/2021,93,4050
9630,28/08/2020,5,3380
8039,12/11/2020,12,1740
7611,01/10/2021,68,1300
9554,19/11/2021,61,3290
7729,30/08/2020,36,1420
8410,14/12/2021,22,2120
9821,15/09/2021,119,3550
9069,04/10/2021,46,2770
8114,10/11/2021,21,1810
7526,16/10/2021,2,1220
7386,22/03/2021,37,1090
7831,17/03/2021,57,1530
8257,20/05/2020,43,1950
8720,30/07/2021,50,2450
7445,21/06/2021,76,1150
7094,08/06/2021,44,730
8925,24/12/2020,87,2630
9745,28/02/2021,52,3490
8501,10/07/2021,19,2200
7158,26/10/2021,67,810
9268,16/03/2021,65,3010
8483,27/12/2020,19,2190
7358,17/10/2021,33,1050
6489,02/03/2021,35,110
6619,28/10/2021,146,250
7480,08/09/2020,76,1180
6919,24/05/2021,108,530
10007,10/07/2021,25,3750
6824,05/05/2021,105,440
7067,18/01/2021,66,690
7044,30/12/2021,10,660
10225,05/07/2021,115,4090
10131,22/01/2021,4,4000
6936,28/03/2021,108,550
9097,12/11/2021,77,2830
6599,28/10/2021,40,230
8196,13/09/2021,13,1890
9675,25/12/2020,17,3420
9043,14/10/2021,23,2750
9767,13/09/2020,123,3510
8910,22/07/2021,3,2610
7976,12/02/2021,14,1680
6575,25/09/2021,40,210
9370,25/02/2021,31,3110
8250,07/06/2021,13,1940
6845,28/03/2021,41,460
6475,04/04/2021,35,100
6528,05/07/2020,45,150
6750,22/03/2021,62,380
6953,28/06/2021,108,570
8063,06/01/2021,12,1760
8376,13/12/2021,22,2060
7692,13/11/2020,55,1390
7174,20/09/2021,133,830
8497,10/03/2021,19,2200
6570,26/06/2021,59,200
6408,19/08/2021,48,40
9014,03/11/2021,23,2720
8602,30/07/2021,28,2310
6847,28/05/2021,41,460
9995,13/09/2021,25,3740
6517,18/07/2021,45,130
7259,12/10/2020,92,940
7922,05/08/2021,58,1600
6370,08/08/2021,29,10
8823,23/09/2020,16,2550
6740,09/12/2020,62,370
7866,14/10/2020,57,1560
7014,25/05/2021,10,640
7900,17/12/2021,58,1580
8749,15/04/2021,16,2470
7439,21/12/2020,76,1150
7060,18/06/2020,66,690
10305,28/05/2021,6,4150
7572,03/11/2021,39,1250
7381,15/10/2021,37,1070
10130,22/12/2020,4,4000
9530,16/04/2021,61,3280
9100,22/11/2020,77,2840
8838,23/12/2021,16,2550
9125,04/06/2021,77,2850
7654,22/09/2021,74,1350
7083,22/05/2021,44,710
6504,20/11/2021,35,120
10205,11/11/2021,115,4070
8665,01/08/2021,54,2380
6561,26/09/2020,59,200
10360,12/07/2021,90,4190
9988,25/06/2021,25,3730
10127,22/09/2020,4,4000
7258,25/08/2020,92,930
8956,21/08/2021,95,2660
10126,22/08/2020,4,4000
10283,26/02/2021,115,4140
8345,28/09/2021,15,2030
8166,24/12/2020,18,1870
8679,16/10/2021,54,2390
8498,10/04/2021,19,2200
8256,07/12/2021,13,1940
8324,01/08/2021,15,2010
7162,27/08/2020,133,820
9331,26/09/2021,24,3050
7394,22/11/2021,37,1090
6815,14/08/2021,105,430
9431,21/07/2021,134,3200
6423,01/09/2021,48,50
8192,11/11/2021,18,1880
9318,26/08/2020,24,3050
10062,09/10/2021,142,3840
7299,28/05/2021,33,990
8178,24/12/2021,18,1870
9911,13/01/2021,73,3670
6781,13/05/2021,105,410
7029,15/03/2021,10,650
7647,22/02/2021,74,1350
6488,02/02/2021,35,110
8167,24/01/2021,18,1870
10030,12/10/2021,1,3770
8723,30/10/2021,50,2450
9921,13/11/2021,73,3670
8363,13/11/2020,22,2060
9795,20/06/2021,119,3520
8706,02/01/2021,50,2440
7977,12/03/2021,14,1680
9768,13/10/2020,123,3510
9471,13/12/2021,63,3220
7667,10/11/2021,55,1360
9179,13/09/2020,26,2920
9152,13/07/2021,77,2870
8461,01/11/2020,72,2170
7997,02/11/2020,14,1700
10184,06/09/2021,93,4050
6607,06/10/2021,146,240
8764,29/12/2020,16,2480
9186,13/04/2021,26,2920
10001,10/01/2021,25,3750
8908,22/05/2021,3,2610
6669,17/09/2021,30,290
6829,05/10/2021,105,440
9557,27/12/2020,61,3300
6608,06/11/2021,146,240
8426,07/09/2021,72,2140
6938,28/05/2021,108,550
10357,12/04/2021,90,4190
9018,09/02/2021,23,2740
8934,24/09/2021,87,2630
8669,01/12/2021,54,2380
8228,07/05/2021,13,1920
8713,02/08/2021,50,2440
8484,27/01/2021,19,2190
8872,03/09/2020,56,2590
10150,14/07/2021,38,4010
7143,21/05/2021,67,790
7840,17/12/2021,57,1530
7000,20/05/2021,10,630
9987,25/05/2021,25,3730
8493,27/10/2021,19,2190
7823,14/05/2021,71,1520
9637,28/03/2021,5,3380
7122,05/07/2020,44,770
8927,24/02/2021,87,2630
9267,03/12/2021,65,3000
8227,07/04/2021,13,1920
8941,04/09/2021,87,2640
7830,17/02/2021,57,1530
8817,23/09/2021,16,2540
9064,04/05/2021,46,2770
8627,05/12/2021,28,2320
10240,14/05/2021,115,4100
7159,26/11/2021,67,810
7911,05/09/2020,58,1600
9869,08/09/2021,102,3610
9132,23/10/2020,77,2860
7380,15/09/2021,37,1070
9033,14/12/2020,23,2750
8371,13/07/2021,22,2060
9567,27/10/2021,61,3300
6971,29/11/2020,60,600
9584,23/07/2020,61,3320
9551,19/08/2021,61,3290
7243,15/03/2021,70,900
10282,09/12/2021,115,4130
9661,20/08/2021,5,3400
9914,13/04/2021,73,3670
8086,04/01/2021,34,1790
8134,20/01/2021,21,1830
7610,01/09/2021,68,1300
7217,04/08/2021,70,880
7598,27/11/2021,68,1280
10300,28/12/2020,6,4150
7728,30/07/2020,36,1420
8742,15/09/2020,16,2470
9857,01/06/2021,119,3600
10151,14/08/2021,38,4010
7583,09/07/2021,39,1270
8137,25/07/2021,21,1840
9060,04/01/2021,46,2770
9273,16/08/2021,65,3010
8056,04/11/2021,12,1750
6554,02/08/2021,59,180
7808,24/11/2021,71,1500
7965,21/02/2021,14,1670
8370,13/06/2021,22,2060
10229,05/11/2021,115,4090
6371,08/09/2021,29,10
7703,18/08/2021,36,1400
9418,29/10/2021,134,3190
6921,24/07/2021,108,530
9330,26/08/2021,24,3050
9624,21/07/2021,8,3370
8245,07/01/2021,13,1940
10269,09/11/2020,115,4130
8505,10/11/2021,19,2200
6927,25/06/2021,108,540
9396,05/12/2020,31,3140
9430,21/06/2021,134,3200
8578,28/05/2021,97,2290
6962,14/10/2021,108,580
9266,03/11/2021,65,3000
7367,08/03/2021,37,1060
7804,24/07/2021,71,1500
8849,06/12/2021,56,2570
8955,24/11/2021,95,2650
9654,20/01/2021,5,3400
10194,11/12/2020,115,4070
7224,15/07/2020,70,890
6894,11/05/2021,41,510
6686,25/12/2021,32,320
7354,17/06/2021,33,1050
8072,06/10/2021,12,1760
7899,17/11/2021,58,1580
8564,15/09/2021,97,2280
7030,15/04/2021,10,650
9341,13/11/2020,11,3070
8507,09/06/2020,19,2210
6863,03/11/2021,41,470
9696,13/02/2021,17,3430
9549,19/06/2021,61,3290
6379,27/04/2021,48,20
8547,15/11/2021,122,2260
8961,09/01/2021,23,2670
10241,14/06/2021,115,4100
9253,14/11/2021,65,2990
6398,21/07/2021,48,30
6876,09/04/2021,41,500
7713,24/12/2020,36,1410
8867,07/12/2021,56,2580
9796,20/07/2021,119,3520
7458,17/04/2021,76,1160
7740,03/12/2021,36,1430
10112,25/09/2020,4,3980
8510,09/09/2020,19,2210
10182,06/07/2021,93,4050
7451,21/12/2021,76,1150
8954,24/10/2021,95,2650
9241,29/05/2021,49,2980
6738,11/12/2021,62,360
9591,23/02/2021,61,3320
10355,12/02/2021,90,4190
6687,21/12/2020,32,330
8394,21/12/2021,22,2080
9050,29/08/2021,23,2760
9899,23/09/2021,64,3640
8855,07/12/2020,56,2580
9824,15/12/2021,119,3550
6943,28/10/2021,108,550
9923,07/02/2021,73,3680
9935,14/10/2020,73,3690
7791,20/07/2020,75,1480
7061,18/07/2020,66,690
7586,09/10/2021,39,1270
8216,30/11/2021,13,1910
7918,05/04/2021,58,1600
6826,05/07/2021,105,440
6452,10/04/2021,141,70
9981,25/11/2020,25,3730
8260,20/08/2020,43,1950
10063,09/11/2021,142,3840
10280,09/10/2021,115,4130
10042,12/12/2021,1,3800
6802,22/06/2021,105,420
8622,05/07/2021,28,2320
6823,05/04/2021,105,440
7941,19/11/2021,14,1640
9546,19/03/2021,61,3290
8915,22/12/2021,3,2610
10342,13/06/2021,90,4170
8033,20/10/2021,12,1730
8466,01/04/2021,72,2170
7300,28/06/2021,33,990
9203,06/02/2021,49,2930
7284,09/06/2021,92,970
6955,28/08/2021,108,570
8413,07/08/2020,72,2140
10045,05/10/2020,1,3810
6419,01/05/2021,48,50
10020,12/12/2020,1,3770
9543,19/12/2020,61,3290
9909,13/11/2020,73,3670
7254,06/05/2021,92,910
7319,01/06/2020,33,1010
7927,09/08/2021,20,1610
7395,21/07/2020,37,1100
9522,29/12/2021,63,3260
6585,07/12/2021,40,220
6910,24/08/2020,108,530
10072,28/12/2021,142,3860
6416,01/02/2021,48,50
9032,14/11/2020,23,2750
9680,25/05/2021,17,3420
8526,28/01/2021,122,2250
9883,01/04/2021,64,3630
6968,22/12/2020,60,590
6593,28/04/2021,40,230
8185,11/04/2021,18,1880
9274,16/09/2021,65,3010
10304,28/04/2021,6,4150
6944,28/11/2021,108,550
8034,20/11/2021,12,1730
9130,04/11/2021,77,2850
7310,28/05/2021,33,1000
6782,13/06/2021,105,410
7973,21/10/2021,14,1670
8540,15/04/2021,122,2260
6675,30/10/2021,32,310
9727,28/09/2021,130,3460
8373,13/09/2021,22,2060
8246,07/02/2021,13,1940
6902,05/05/2021,27,520
8266,20/02/2021,43,1950
7680,16/06/2021,55,1380
6499,20/06/2021,35,120
7344,17/12/2021,33,1030
8104,28/05/2021,21,1800
6990,17/01/2021,42,620
8984,28/06/2021,23,2690
8585,28/12/2021,97,2290
6651,25/12/2020,9,280
9045,14/12/2021,23,2750
10310,28/10/2021,6,4150
9271,16/06/2021,65,3010
6698,08/08/2020,47,340
7324,01/11/2020,33,1010
8660,01/03/2021,54,2380
8987,28/09/2021,23,2690
9475,30/01/2021,63,3230
7731,30/10/2020,36,1420
8690,29/11/2021,54,2420
9101,22/12/2020,77,2840
8891,08/06/2021,3,2600
8288,18/02/2021,43,1990
7545,11/10/2020,2,1240
6428,13/11/2020,141,60
8427,07/10/2021,72,2140
9753,28/10/2021,52,3490
9781,13/11/2021,123,3510
10258,24/10/2021,115,4110
9967,21/02/2021,25,3720
6506,18/08/2020,45,130
7620,19/11/2021,74,1310
7403,21/03/2021,37,1100
7286,09/08/2021,92,970
10025,12/05/2021,1,3770
9015,03/12/2021,23,2720
7719,24/06/2021,36,1410
8020,22/11/2021,132,1720
8636,13/08/2021,28,2340
6565,26/01/2021,59,200
7952,08/04/2021,14,1660
8712,02/07/2021,50,2440
7436,21/09/2020,76,1150
7134,09/10/2021,67,780
7525,16/09/2021,2,1220
7229,15/12/2020,70,890
7202,21/08/2021,69,860
9503,25/12/2021,63,3240
9040,14/07/2021,23,2750
8879,03/04/2021,56,2590
8215,30/10/2021,13,1910
8618,05/03/2021,28,2320
6882,09/10/2021,41,500
9349,07/09/2021,11,3080
10144,14/01/2021,38,4010
6811,14/04/2021,105,430
6406,19/06/2021,48,40
7535,21/07/2021,2,1230
10154,18/02/2021,38,4020
8721,30/08/2021,50,2450
9771,13/01/2021,123,3510
9218,30/06/2021,49,2950
6976,28/04/2021,60,600
7085,22/07/2021,44,710
6715,15/11/2020,47,350
8587,17/11/2020,28,2300
8235,07/12/2021,13,1920
6530,05/09/2020,45,150
8503,10/09/2021,19,2200
8485,27/02/2021,19,2190
6596,28/07/2021,40,230
6564,26/12/2020,59,200
7121,05/06/2020,44,770
9281,25/02/2021,24,3020
9127,04/08/2021,77,2850
6852,28/10/2021,41,460
8382,21/12/2020,22,2080
6623,22/06/2020,146,260
7562,03/01/2021,39,1250
9207,06/06/2021,49,2930
8457,09/12/2021,72,2160
6907,05/10/2021,27,520
7347,22/11/2021,33,1040
6924,24/10/2021,108,530
10008,10/08/2021,25,3750
7154,27/11/2021,67,800
8290,18/04/2021,43,1990
6730,11/04/2021,62,360
9633,28/11/2020,5,3380
7559,11/12/2021,2,1240
6812,14/05/2021,105,430
7785,04/11/2021,75,1460
9701,13/07/2021,17,3430
9793,20/04/2021,119,3520
6775,13/11/2020,105,410
7410,21/10/2021,37,1100
7292,23/06/2021,80,980
7980,12/06/2021,14,1680
8477,27/06/2020,19,2190
10002,10/02/2021,25,3750
7166,27/12/2020,133,820
9272,16/07/2021,65,3010
6390,21/11/2020,48,30
8153,07/03/2021,18,1860
8195,13/08/2021,13,1890
9342,13/12/2020,11,3070
9094,27/12/2020,46,2820
9139,23/05/2021,77,2860
9031,14/10/2020,23,2750
8811,23/03/2021,16,2540
7531,21/03/2021,2,1230
8400,23/09/2021,22,2090
8590,17/02/2021,28,2300
7806,24/09/2021,71,1500
7810,29/01/2021,71,1510
7581,08/11/2021,39,1260
10198,11/04/2021,115,4070
7429,07/05/2021,51,1130
9997,13/11/2021,25,3740
6442,10/06/2020,141,70
8349,05/12/2021,15,2040
7787,21/07/2021,75,1470
8206,10/09/2021,13,1900
7870,14/02/2021,57,1560
10281,09/11/2021,115,4130
6368,08/06/2021,29,10
9066,04/07/2021,46,2770
9087,27/05/2020,46,2820
9182,13/12/2020,26,2920
9996,13/10/2021,25,3740
9470,13/11/2021,63,3220
7070,18/04/2021,66,690
9220,30/08/2021,49,2950
9092,27/10/2020,46,2820
10224,05/06/2021,115,4090
9884,01/05/2021,64,3630
9589,23/12/2020,61,3320
8664,01/07/2021,54,2380
10166,25/03/2021,93,4030
8186,11/05/2021,18,1880
8825,23/11/2020,16,2550
9648,09/12/2021,5,3390
7393,22/10/2021,37,1090
9891,01/12/2021,64,3630
10053,09/01/2021,142,3840
9876,11/07/2021,64,3620
9964,21/11/2020,25,3720
9382,17/01/2021,31,3130
7237,15/08/2021,70,890
7135,09/11/2021,67,780
7730,30/09/2020,36,1420
6369,08/07/2021,29,10
7537,21/09/2021,2,1230
10326,04/07/2021,6,4160
7508,13/01/2021,2,1210
10164,25/01/2021,93,4030
7932,05/05/2020,20,1620
9499,25/08/2021,63,3240
6461,06/10/2020,141,80
8106,28/07/2021,21,1800
10138,22/08/2021,4,4000
7450,21/11/2021,76,1150
8123,25/08/2021,21,1820
10188,30/08/2021,93,4060
9242,29/06/2021,49,2980
9600,23/11/2021,61,3320
6846,28/04/2021,41,460
7961,21/10/2020,14,1670
7571,03/10/2021,39,1250
6816,14/09/2021,105,430
6770,17/07/2021,62,400
8405,29/09/2021,22,2110
6974,28/02/2021,60,600
6433,13/04/2021,141,60
10322,04/03/2021,6,4160
7250,15/10/2021,70,900
9295,07/01/2021,24,3030
6685,25/11/2021,32,320
8762,29/10/2020,16,2480
10189,30/09/2021,93,4060
9362,03/05/2021,11,3100
8085,04/12/2020,34,1790
10083,08/07/2020,106,3890
8657,28/05/2021,54,2370
10163,25/12/2020,93,4030
8727,03/12/2020,50,2460
7176,30/07/2021,133,840
10347,13/11/2021,90,4170
6734,11/08/2021,62,360
7844,25/11/2020,57,1540
8239,06/07/2021,13,1930
9276,16/11/2021,65,3010
7762,23/03/2021,36,1450
9606,15/08/2021,8,3350
10069,28/09/2021,142,3860
7059,18/05/2020,66,690
7669,20/08/2021,55,1370
8996,28/01/2021,23,2690
8139,09/02/2021,18,1850
8978,30/12/2020,23,2680
9275,16/10/2021,65,3010
8554,25/08/2021,97,2270
10078,18/09/2021,142,3880
9099,22/10/2020,77,2840
8803,29/06/2021,16,2530
9348,13/06/2021,11,3070
6552,15/12/2021,82,170
10036,16/06/2021,1,3790
10171,25/08/2021,93,4030
8880,03/05/2021,56,2590
10140,14/09/2020,38,4010
8711,02/06/2021,50,2440
7341,28/12/2021,33,1020
7726,30/05/2020,36,1420
7472,27/07/2021,76,1170
7119,23/11/2021,44,760
8886,03/11/2021,56,2590
9056,04/09/2020,46,2770
7409,21/09/2021,37,1100
8396,23/05/2021,22,2090
8769,01/02/2021,16,2490
6633,22/04/2021,146,260
7938,12/08/2021,14,1630
8471,01/09/2021,72,2170
7920,05/06/2021,58,1600
7638,01/08/2021,74,1340
9494,25/03/2021,63,3240
8241,06/09/2021,13,1930
9202,06/01/2021,49,2930
8699,17/11/2021,50,2430
7688,13/07/2020,55,1390
7053,12/07/2021,66,680
9410,06/10/2021,134,3170
9622,21/05/2021,8,3370
9356,03/11/2020,11,3100
9770,13/12/2020,123,3510
9959,12/09/2021,73,3710
9813,22/12/2021,119,3540
7185,13/11/2020,133,850
8219,07/08/2020,13,1920
9128,04/09/2021,77,2850
9799,20/10/2021,119,3520
8789,05/08/2021,16,2500
9529,16/03/2021,61,3280
8131,20/10/2020,21,1830
10361,12/08/2021,90,4190
7805,24/08/2021,71,1500
6898,11/09/2021,41,510
8328,01/12/2021,15,2010
7957,08/09/2021,14,1660
7960,08/12/2021,14,1660
7686,16/12/2021,55,1380
6531,05/10/2020,45,150
6853,28/11/2021,41,460
8681,16/12/2021,54,2390
7704,18/09/2021,36,1400
6680,25/06/2021,32,320
7157,26/09/2021,67,810
8644,21/10/2021,54,2350
7929,09/10/2021,20,1610
6566,26/02/2021,59,200
8202,10/05/2021,13,1900
6725,11/11/2020,62,360
8671,16/02/2021,54,2390
10077,18/08/2021,142,3880
8845,24/09/2021,56,2560
8550,25/04/2021,97,2270
9571,04/12/2020,61,3310
7514,13/07/2021,2,1210
8036,12/08/2020,12,1740
8101,28/02/2021,21,1800
7511,13/04/2021,2,1210
6748,09/08/2021,62,370
8500,10/06/2021,19,2200
8031,20/08/2021,12,1730
7889,09/09/2021,57,1570
7397,21/09/2020,37,1100
10153,18/01/2021,38,4020
7406,21/06/2021,37,1100
10350,02/10/2021,90,4180
8496,10/02/2021,19,2200
8958,21/10/2021,95,2660
8595,17/07/2021,28,2300
8567,15/12/2021,97,2280
8898,22/07/2020,3,2610
8141,09/04/2021,18,1850
9772,13/02/2021,123,3510
10076,08/12/2021,142,3870
7986,12/12/2021,14,1680
8871,03/08/2020,56,2590
8755,15/10/2021,16,2470
7491,28/09/2020,2,1200
6610,28/01/2021,146,250
6771,17/08/2021,62,400
9076,10/03/2021,46,2780
6392,21/01/2021,48,30
10019,25/12/2021,25,3760
7766,23/07/2021,36,1450
9662,20/09/2021,5,3400
9189,13/07/2021,26,2920
9628,21/11/2021,8,3370
9711,29/08/2021,130,3450
8730,03/03/2021,50,2460
7218,04/09/2021,70,880
8258,20/06/2020,43,1950
9752,28/09/2021,52,3490
9698,13/04/2021,17,3430
10301,28/01/2021,6,4150
7618,19/09/2021,74,1310
7773,04/11/2020,75,1460
7917,05/03/2021,58,1600
7042,30/10/2021,10,660
8663,01/06/2021,54,2380
7724,24/11/2021,36,1410
8997,28/02/2021,23,2690
6783,13/07/2021,105,410
7365,08/01/2021,37,1060
7841,25/08/2020,57,1540
7001,20/06/2021,10,630
9843,30/07/2021,119,3580
10237,14/02/2021,115,4100
7912,05/10/2020,58,1600
7940,12/10/2021,14,1630
7739,03/11/2021,36,1430
6672,17/12/2021,30,290
8282,12/09/2021,43,1980
7677,16/03/2021,55,1380
6969,22/01/2021,60,590
10092,08/04/2021,106,3890
8078,28/04/2021,34,1780
9290,25/11/2021,24,3020
8667,01/10/2021,54,2380
7192,13/06/2021,133,850
10118,28/03/2021,4,3990
10318,04/11/2020,6,4160
7907,05/05/2020,58,1600
8385,21/03/2021,22,2080
7629,05/07/2021,74,1330
9634,28/12/2020,5,3380
9042,14/09/2021,23,2750
9221,30/09/2021,49,2950
9877,11/08/2021,64,3620
8847,06/10/2021,56,2570
6455,10/07/2021,141,70
8907,22/04/2021,3,2610
9329,26/07/2021,24,3050
9687,13/05/2020,17,3430
9455,13/08/2020,63,3220
8979,30/01/2021,23,2680
7032,15/06/2021,10,650
6838,29/08/2020,41,460
10287,26/06/2021,115,4140
8808,29/11/2021,16,2530
7485,06/09/2021,2,1190
7148,21/10/2021,67,790
8992,28/09/2020,23,2690
9379,17/10/2020,31,3130
7251,15/11/2021,70,900
8267,20/03/2021,43,1950
7816,28/07/2021,71,1510
9448,13/09/2021,63,3210
7621,26/09/2021,74,1320
7371,08/07/2021,37,1060
10201,11/07/2021,115,4070
6814,14/07/2021,105,430
7575,08/05/2021,39,1260
6851,28/09/2021,41,460
8682,24/11/2021,54,2400
6418,01/04/2021,48,50
7507,13/12/2020,2,1210
7836,17/08/2021,57,1530
7459,17/05/2021,76,1160
8442,09/09/2020,72,2160
10099,14/12/2021,106,3930
10022,12/02/2021,1,3770
9580,04/09/2021,61,3310
8023,20/12/2020,12,1730
8640,13/12/2021,28,2340
9688,13/06/2020,17,3430
9674,25/11/2020,17,3420
7909,05/07/2020,58,1600
7882,09/02/2021,57,1570
7456,17/02/2021,76,1160
7567,03/06/2021,39,1250
6790,22/06/2020,105,420
7944,26/07/2021,14,1650
7793,20/09/2020,75,1480
8763,29/11/2020,16,2480
9108,22/07/2021,77,2840
8251,07/07/2021,13,1940
8269,20/05/2021,43,1950
8113,10/10/2021,21,1810
7663,10/07/2021,55,1360
8050,12/10/2021,12,1740
9828,18/10/2020,119,3570
8923,24/10/2020,87,2630
9676,25/01/2021,17,3420
7076,18/10/2021,66,690
8336,31/12/2020,15,2030
9476,28/02/2021,63,3230
10145,14/02/2021,38,4010
7951,08/03/2021,14,1660
7183,13/09/2020,133,850
6487,02/01/2021,35,110
9029,14/08/2020,23,2750
9357,03/12/2020,11,3100
9652,20/11/2020,5,3400
7601,24/09/2021,68,1290
7712,24/11/2020,36,1410
9561,27/04/2021,61,3300
10101,21/11/2020,106,3940
7039,30/07/2021,10,660
10210,24/03/2021,115,4080
8906,22/03/2021,3,2610
8181,11/12/2020,18,1880
6670,17/10/2021,30,290
9866,08/06/2021,102,3610
10156,18/04/2021,38,4020
7734,30/01/2021,36,1420
8489,27/06/2021,19,2190
9098,22/09/2020,77,2840
8655,28/03/2021,54,2370
9850,01/11/2020,119,3600
9113,22/12/2021,77,2840
9138,23/04/2021,77,2860
8390,21/08/2021,22,2080
7798,24/01/2021,71,1500
8159,07/09/2021,18,1860
9714,29/11/2021,130,3450
7483,08/12/2020,76,1180
7574,08/04/2021,39,1260
9881,11/12/2021,64,3620
6981,28/09/2021,60,600
7484,06/08/2021,2,1190
6441,13/12/2021,141,60
8462,01/12/2020,72,2170
6388,21/09/2020,48,30
6640,22/11/2021,146,260
9209,06/08/2021,49,2930
7295,23/09/2021,80,980
7860,14/07/2020,57,1550
9746,28/03/2021,52,3490
9385,17/04/2021,31,3130
6448,10/12/2020,141,70
10147,14/04/2021,38,4010
9254,14/12/2021,65,2990
7277,09/11/2020,92,970
10302,28/02/2021,6,4150
9419,29/11/2021,134,3190
7364,08/12/2020,37,1060
7829,17/01/2021,57,1530
8364,13/12/2020,22,2060
7813,28/04/2021,71,1510
8743,15/10/2020,16,2470
9702,13/08/2021,17,3430
9020,09/04/2021,23,2740
7880,14/12/2021,57,1560
7596,27/09/2021,68,1280
7996,02/10/2020,14,1700
9789,20/12/2020,119,3520
7452,17/10/2020,76,1160
6597,28/08/2021,40,230
7930,09/11/2021,20,1610
9742,30/11/2020,52,3490
8661,01/04/2021,54,2380
6668,17/08/2021,30,290
9953,19/12/2021,73,3700
7921,05/07/2021,58,1600
7370,08/06/2021,37,1060
7488,06/12/2021,2,1190
8748,15/03/2021,16,2470
7069,18/03/2021,66,690
7087,22/09/2021,44,710
7156,26/08/2021,67,810
9468,13/09/2021,63,3220
9314,03/05/2021,24,3040
7115,23/07/2021,44,760
8935,24/10/2021,87,2630
9181,13/11/2020,26,2920
8700,17/12/2021,50,2430
9737,01/10/2021,52,3480
9563,27/06/2021,61,3300
6620,28/11/2021,146,250
9820,15/08/2021,119,3550
9322,26/12/2020,24,3050
7566,03/05/2021,39,1250
8576,28/03/2021,97,2290
7125,05/10/2020,44,770
8768,01/01/2021,16,2490
6887,11/10/2020,41,510
8001,02/03/2021,14,1700
9261,03/06/2021,65,3000
7007,20/12/2021,10,630
9810,30/11/2021,119,3530
8965,09/05/2021,23,2670
7975,21/12/2021,14,1670
9678,25/03/2021,17,3420
9901,23/11/2021,64,3640
9169,24/11/2021,26,2880
8404,10/12/2021,22,2100
8302,01/11/2020,15,2000
8962,09/02/2021,23,2670
6479,04/08/2021,35,100
7171,27/05/2021,133,820
7897,17/09/2021,58,1580
9786,20/09/2020,119,3520
10316,04/09/2020,6,4160
7887,09/07/2021,57,1570
8887,03/12/2021,56,2590
10110,25/07/2020,4,3980
8175,24/09/2021,18,1870
6538,15/10/2020,82,170
9969,21/04/2021,25,3720
6880,09/08/2021,41,500
10221,05/03/2021,115,4090
7651,22/06/2021,74,1350
10195,11/01/2021,115,4070
8431,12/05/2021,72,2150
9191,13/09/2021,26,2920
9659,20/06/2021,5,3400
6875,11/12/2021,41,490
9071,04/12/2021,46,2770
9807,30/08/2021,119,3530
8773,01/06/2021,16,2490
10032,12/12/2021,1,3770
9980,25/10/2020,25,3730
6427,13/10/2020,141,60
7144,21/06/2021,67,790
8160,07/10/2021,18,1860
10275,09/05/2021,115,4130
7881,09/01/2021,57,1570
9277,16/12/2021,65,3010
7617,19/08/2021,74,1310
7034,15/08/2021,10,650
7540,21/12/2021,2,1230
8287,18/01/2021,43,1990
7314,28/09/2021,33,1000
6877,09/05/2021,41,500
7287,09/09/2021,92,970
9952,19/11/2021,73,3700
8083,28/09/2021,34,1780
7521,16/05/2021,2,1220
6498,02/12/2021,35,110
8986,28/08/2021,23,2690
9422,21/10/2020,134,3200
6874,11/11/2021,41,490
6948,18/11/2021,108,560
8055,04/10/2021,12,1750
7431,21/08/2021,76,1140
9643,28/09/2021,5,3380
8098,28/11/2020,21,1800
9360,03/03/2021,11,3100
9547,19/04/2021,61,3290
7405,21/05/2021,37,1100
7761,23/02/2021,36,1450
6478,04/07/2021,35,100
6664,17/04/2021,30,290
8600,17/12/2021,28,2300
7004,20/09/2021,10,630
8381,21/11/2020,22,2080
8081,28/07/2021,34,1780
6604,06/07/2021,146,240
8425,07/08/2021,72,2140
9393,17/12/2021,31,3130
7220,04/11/2021,70,880
8051,12/11/2021,12,1740
9992,25/10/2021,25,3730
9035,14/02/2021,23,2750
10332,13/08/2020,90,4170
8289,18/03/2021,43,1990
7487,06/11/2021,2,1190
10346,13/10/2021,90,4170
7440,21/01/2021,76,1150
6533,05/12/2020,45,150
9495,25/04/2021,63,3240
9686,25/11/2021,17,3420
9303,07/09/2021,24,3030
8704,02/11/2020,50,2440
8698,17/10/2021,50,2430
9383,17/02/2021,31,3130
10207,24/12/2020,115,4080
10312,28/12/2021,6,4150
8278,27/09/2021,43,1970
7754,04/07/2021,36,1440
10010,10/10/2021,25,3750
8902,22/11/2020,3,2610
8722,30/09/2021,50,2450
7455,17/01/2021,76,1160
6966,22/10/2020,60,590
6784,13/08/2021,105,410
8892,08/07/2021,3,2600
8032,20/09/2021,12,1730
7853,25/08/2021,57,1540
8164,24/10/2020,18,1870
7510,13/03/2021,2,1210
6857,03/05/2021,41,470
7701,13/08/2021,55,1390
10211,24/04/2021,115,4080
7268,30/09/2021,92,950
6806,22/10/2021,105,420
7015,25/06/2021,10,640
10284,26/03/2021,115,4140
7715,24/02/2021,36,1410
9937,14/12/2020,73,3690
9002,29/09/2021,23,2700
9930,07/09/2021,73,3680
7942,19/12/2021,14,1640
8037,12/09/2020,12,1740
8360,13/08/2020,22,2060
10152,18/12/2020,38,4020
8807,29/10/2021,16,2530
8687,30/08/2021,54,2410
8129,20/08/2020,21,1830
7679,16/05/2021,55,1380
6485,02/11/2020,35,110
7801,24/04/2021,71,1500
8191,11/10/2021,18,1880
8102,28/03/2021,21,1800
7542,11/07/2020,2,1240
8494,27/11/2021,19,2190
9577,04/06/2021,61,3310
6991,17/02/2021,42,620
6382,27/07/2021,48,20
8358,13/06/2020,22,2060
7625,05/03/2021,74,1330
7678,16/04/2021,55,1380
8990,28/12/2021,23,2690
8255,07/11/2021,13,1940
7653,22/08/2021,74,1350
6713,15/09/2020,47,350
6872,11/09/2021,41,490
9377,23/12/2021,31,3120
7682,16/08/2021,55,1380
6779,13/03/2021,105,410
7482,08/11/2020,76,1180
7241,15/12/2021,70,890
9620,21/03/2021,8,3370
7515,13/08/2021,2,1210
10199,11/05/2021,115,4070
9572,04/01/2021,61,3310
9651,20/10/2020,5,3400
8797,12/10/2021,16,2510
8343,28/07/2021,15,2030
9135,23/01/2021,77,2860
8973,31/07/2020,23,2680
6622,22/05/2020,146,260
8417,07/12/2020,72,2140
6540,15/12/2020,82,170
7097,08/09/2021,44,730
10213,24/06/2021,115,4080
8877,03/02/2021,56,2590
8517,05/11/2021,7,2230
9353,27/11/2021,11,3090
9989,25/07/2021,25,3730
7612,01/11/2021,68,1300
7516,13/09/2021,2,1210
6757,22/10/2021,62,380
7346,22/10/2021,33,1040
9270,16/05/2021,65,3010
8372,13/08/2021,22,2060
8834,23/08/2021,16,2550
9184,13/02/2021,26,2920
9890,01/11/2021,64,3630
6399,21/08/2021,48,30
6560,26/08/2020,59,200
7233,15/04/2021,70,890
9369,25/01/2021,31,3110
9223,30/11/2021,49,2950
