33,142,29/12/2021
119,87,13/10/2021
5,89,27/11/2021
115,157,18/05/2021
22,93,30/03/2021
26,35,03/10/2020
75,109,15/12/2021
3,99,02/06/2021
141,121,19/12/2021
141,123,10/02/2021
37,130,17/10/2021
141,92,12/10/2021
72,103,10/09/2021
2,106,20/09/2020
55,124,19/09/2021
8,128,06/11/2021
47,140,17/04/2021
22,115,11/12/2021
51,144,19/02/2021
119,132,12/12/2021
21,137,11/11/2020
146,87,25/10/2021
16,45,27/02/2021
19,102,30/07/2020
23,110,03/03/2021
40,85,20/07/2021
119,72,22/10/2021
55,87,29/07/2021
44,106,19/10/2021
134,154,17/10/2021
13,156,20/11/2021
132,148,21/11/2021
46,133,21/12/2021
52,99,17/06/2021
74,46,20/09/2021
48,152,15/08/2021
15,111,24/11/2021
12,147,06/12/2021
3,43,12/08/2021
55,148,18/12/2020
3,103,23/10/2021
115,77,07/04/2021
40,119,25/04/2021
132,8,01/11/2021
54,81,08/10/2020
22,19,06/05/2021
22,107,21/11/2021
18,69,17/07/2021
97,132,16/10/2021
132,6,15/10/2021
70,143,06/07/2021
36,85,12/10/2021
48,96,29/11/2021
7,98,26/09/2021
72,102,24/12/2021
14,103,24/12/2021
54,28,21/08/2021
92,97,13/12/2021
73,89,27/12/2020
146,99,08/06/2021
26,90,31/12/2020
58,78,10/08/2021
54,73,16/06/2021
76,90,22/08/2021
59,84,08/10/2021
66,108,21/07/2021
75,86,15/12/2021
44,110,10/11/2021
23,156,18/09/2021
17,114,03/08/2020
6,82,08/10/2020
61,82,23/10/2021
67,142,24/12/2021
32,62,03/10/2021
49,109,17/08/2021
142,58,01/01/2021
106,104,04/07/2021
67,122,30/01/2021
66,71,24/10/2021
115,90,05/10/2021
13,112,07/05/2021
115,113,25/04/2021
60,86,03/08/2021
46,74,19/07/2021
30,154,25/07/2021
12,66,12/11/2021
87,152,04/12/2020
66,138,26/07/2021
105,100,09/12/2021
106,53,11/06/2021
46,134,27/07/2020
35,17,13/10/2020
97,106,13/10/2021
36,3,31/08/2021
146,78,21/07/2020
33,107,01/03/2021
75,156,11/12/2021
24,156,22/12/2020
51,101,30/07/2021
19,103,01/10/2020
70,137,09/09/2021
87,111,08/05/2021
93,93,01/07/2021
5,88,14/11/2021
54,149,19/01/2021
64,143,12/06/2021
43,75,28/09/2021
71,79,25/10/2021
92,71,29/04/2021
146,60,11/04/2021
74,145,18/06/2021
40,132,11/08/2021
108,86,02/06/2021
52,89,16/07/2021
106,104,21/12/2021
18,152,16/02/2021
21,85,03/07/2020
39,124,10/05/2021
50,117,14/10/2021
44,130,03/09/2021
61,108,02/11/2021
39,141,18/12/2021
15,85,17/06/2021
92,116,26/12/2020
75,144,12/12/2021
41,85,15/04/2021
97,92,22/06/2021
22,88,15/12/2021
21,107,16/06/2020
73,114,06/12/2021
13,157,16/10/2021
12,71,24/08/2020
54,101,22/03/2021
5,93,17/11/2021
3,133,29/07/2021
70,148,27/06/2021
43,73,31/10/2021
43,103,14/10/2021
68,105,03/04/2021
33,106,01/12/2021
93,153,05/12/2021
63,17,20/08/2021
51,143,24/05/2021
22,98,05/10/2021
9,135,24/06/2020
8,84,04/11/2021
39,62,05/12/2021
60,85,11/08/2021
142,54,24/07/2021
142,150,19/08/2020
92,96,10/12/2021
122,127,18/08/2021
7,129,18/12/2021
8,85,03/11/2021
26,104,18/07/2021
18,128,07/12/2020
59,97,04/11/2021
115,48,09/05/2021
25,156,27/06/2021
45,133,09/12/2020
34,135,08/01/2021
22,150,05/12/2021
64,153,02/12/2021
46,118,05/12/2020
40,128,07/06/2021
4,147,30/06/2021
49,139,03/11/2021
44,75,18/12/2021
50,119,10/11/2021
23,60,11/11/2021
22,134,17/12/2021
23,106,28/12/2021
57,108,02/07/2020
76,124,22/07/2021
130,56,24/12/2021
21,156,13/10/2021
38,44,22/10/2020
132,23,24/08/2021
35,110,27/08/2021
77,7,04/04/2021
115,156,03/11/2021
49,149,15/04/2021
67,37,01/09/2021
43,115,06/10/2021
54,102,22/03/2021
16,142,07/04/2021
32,114,05/12/2021
130,60,25/11/2021
27,87,28/07/2021
41,84,29/09/2021
31,69,02/03/2021
60,146,25/07/2021
115,92,03/07/2021
119,133,19/12/2021
21,151,17/01/2021
32,139,24/12/2021
90,35,05/09/2021
53,65,23/11/2021
133,80,24/08/2021
90,109,20/02/2021
71,134,28/04/2021
97,134,01/11/2021
76,84,30/07/2021
70,108,31/05/2021
22,61,05/12/2021
115,100,18/04/2021
59,96,07/11/2021
82,140,03/09/2021
33,88,03/12/2021
13,73,28/09/2021
56,116,25/11/2021
14,133,12/08/2021
4,156,24/12/2020
146,62,26/06/2021
115,83,03/12/2020
22,105,20/12/2021
11,144,24/02/2021
66,126,08/08/2021
73,71,30/01/2021
23,108,19/09/2021
4,92,07/07/2021
37,131,30/06/2021
75,157,15/12/2021
43,139,29/11/2020
61,89,31/07/2021
40,138,04/11/2021
97,104,21/10/2021
60,141,02/09/2021
14,129,12/04/2021
48,54,30/11/2020
51,146,07/03/2021
119,87,15/08/2021
38,141,16/11/2020
8,116,05/11/2021
5,94,21/11/2021
1,139,18/09/2020
31,92,09/10/2020
52,101,24/01/2021
90,136,16/04/2021
141,112,25/01/2021
18,146,31/10/2021
22,56,19/11/2021
44,100,06/12/2021
132,137,03/12/2021
22,10,02/10/2020
97,148,04/04/2021
108,145,14/11/2021
74,132,16/06/2021
56,99,22/10/2021
32,125,22/05/2021
56,115,07/12/2020
26,90,31/07/2021
37,109,20/09/2021
77,21,20/02/2021
119,134,16/12/2021
54,79,30/03/2021
72,151,16/09/2020
72,96,11/06/2021
15,118,06/07/2021
22,88,28/05/2021
70,154,10/09/2021
14,115,28/09/2021
141,46,04/10/2020
38,4,29/03/2021
63,145,09/12/2021
58,134,17/11/2021
28,91,11/05/2021
6,157,26/08/2020
60,101,09/08/2021
30,10,08/06/2021
97,22,29/12/2021
115,141,15/12/2021
30,117,22/06/2021
106,101,29/12/2021
60,148,18/07/2021
24,109,21/08/2021
73,104,09/08/2021
106,103,16/07/2021
47,82,24/05/2021
59,144,04/07/2021
7,156,20/12/2021
52,88,17/06/2021
16,84,07/03/2021
75,133,24/12/2020
105,134,24/11/2020
36,151,01/10/2021
14,134,17/05/2021
54,75,14/04/2021
16,92,07/12/2021
22,132,01/12/2021
3,102,15/07/2021
142,77,07/11/2021
60,84,13/07/2021
76,143,15/03/2021
61,121,01/10/2021
60,87,21/09/2021
46,123,28/02/2021
142,139,21/12/2021
28,132,03/12/2021
17,98,15/10/2020
60,89,25/08/2021
132,75,04/12/2021
66,87,11/09/2021
4,87,15/01/2021
49,138,12/10/2021
22,157,07/12/2021
77,8,29/08/2020
142,143,07/10/2021
22,16,05/12/2020
17,87,31/03/2021
22,156,23/11/2020
142,102,09/04/2021
4,142,21/02/2021
115,138,19/03/2021
106,118,08/06/2021
76,125,13/03/2021
33,100,31/10/2021
11,151,25/05/2021
14,110,01/12/2021
17,96,23/03/2021
39,123,30/11/2021
22,87,16/12/2021
73,115,01/06/2021
66,107,22/12/2021
38,48,18/03/2021
50,96,18/10/2021
134,137,23/11/2021
11,130,03/09/2021
146,90,17/08/2020
3,147,08/07/2021
60,142,26/08/2021
64,85,09/10/2021
134,155,16/11/2021
33,95,26/10/2021
44,131,09/09/2021
65,94,08/06/2021
46,130,20/04/2021
77,4,22/05/2021
23,154,17/12/2021
49,112,18/06/2020
106,120,24/12/2020
4,86,27/08/2021
141,41,20/03/2021
61,127,12/12/2020
54,136,03/12/2021
8,138,14/12/2021
50,93,20/09/2021
23,107,22/06/2021
14,126,09/12/2020
68,156,05/12/2021
66,139,26/09/2021
8,92,05/11/2021
31,103,13/12/2021
142,51,13/09/2021
82,119,30/08/2021
36,102,01/12/2021
62,106,30/03/2021
23,145,18/06/2021
119,143,23/11/2021
12,5,23/08/2021
59,105,19/11/2021
108,93,18/10/2021
10,107,12/12/2021
53,131,23/11/2021
130,3,07/11/2021
9,137,31/05/2020
68,114,12/10/2021
65,83,25/03/2021
132,37,15/10/2021
40,104,06/12/2021
141,148,11/03/2021
93,82,26/10/2021
19,138,18/07/2020
47,86,29/01/2021
15,140,14/11/2020
119,141,17/12/2021
73,141,02/07/2021
7,139,11/11/2021
21,156,07/08/2021
74,133,24/12/2020
90,148,15/12/2020
66,75,03/09/2021
13,71,10/09/2021
16,137,21/10/2021
115,42,24/08/2021
39,128,22/11/2021
44,143,14/12/2021
76,116,30/08/2021
40,140,26/03/2021
51,141,16/07/2021
12,117,23/11/2021
65,121,03/12/2021
14,116,16/08/2021
40,133,03/04/2021
58,107,15/09/2021
19,150,21/03/2021
132,72,14/12/2021
66,120,27/08/2021
134,118,05/09/2021
43,135,24/11/2021
119,79,28/09/2021
67,105,27/04/2021
76,121,13/08/2021
34,153,08/08/2021
30,134,12/06/2021
59,146,05/08/2021
22,60,29/12/2021
36,118,12/07/2021
49,87,08/10/2021
51,92,28/01/2021
61,110,21/12/2020
48,52,02/04/2021
50,144,29/08/2021
63,108,17/05/2021
141,125,17/04/2021
72,75,13/01/2021
122,157,04/05/2021
71,82,27/11/2021
106,148,14/11/2020
56,114,13/04/2021
16,122,27/02/2021
70,14,28/05/2021
65,78,18/02/2021
24,152,06/12/2020
20,129,10/11/2021
44,139,15/08/2021
106,102,27/12/2021
70,29,11/12/2021
57,91,20/07/2021
63,116,19/08/2020
4,100,24/03/2021
41,112,21/12/2020
54,114,02/06/2021
133,131,02/03/2021
115,101,20/05/2021
133,110,11/10/2021
6,88,22/07/2021
14,9,13/12/2021
40,140,12/12/2021
45,81,23/05/2021
56,156,12/01/2021
18,150,18/05/2021
19,121,29/08/2021
32,123,28/01/2021
64,88,05/09/2021
50,122,15/10/2021
4,85,21/05/2021
8,135,06/12/2021
119,102,24/08/2021
36,102,24/08/2020
52,129,25/08/2021
108,85,20/07/2021
54,102,02/08/2021
55,10,25/10/2021
108,129,04/11/2021
5,95,23/11/2021
119,104,13/11/2021
74,138,26/11/2021
141,130,27/01/2021
119,77,08/06/2021
50,95,02/08/2021
115,44,21/02/2021
87,113,24/03/2021
67,107,13/11/2021
34,92,17/03/2021
6,80,14/07/2021
17,107,10/07/2021
105,91,10/12/2021
22,116,22/11/2021
39,48,14/04/2021
119,103,02/08/2021
52,122,27/01/2021
82,139,31/08/2021
40,138,17/11/2021
60,100,08/09/2021
7,153,19/12/2021
46,132,29/12/2021
77,73,05/11/2020
59,156,26/12/2021
93,83,23/03/2021
55,89,04/07/2021
97,90,23/08/2021
3,148,29/10/2020
65,104,15/07/2021
22,21,23/09/2021
37,110,26/03/2021
82,136,30/08/2021
22,118,12/08/2021
62,56,20/01/2021
54,100,21/06/2021
73,108,14/09/2021
146,61,06/11/2020
31,123,28/12/2021
93,94,13/06/2021
141,113,25/10/2020
16,86,07/10/2021
77,134,06/08/2021
73,70,29/12/2021
82,138,03/09/2021
30,118,11/06/2021
49,105,08/08/2021
54,132,28/03/2021
30,14,11/06/2021
59,106,05/11/2021
10,106,24/06/2021
142,116,10/12/2021
50,98,06/10/2021
32,54,09/10/2021
133,143,13/11/2021
115,143,25/08/2021
8,86,21/12/2021
18,98,10/04/2021
64,87,18/09/2021
73,142,13/12/2021
87,151,19/11/2020
23,127,23/01/2021
21,157,24/06/2021
49,70,18/09/2021
12,126,25/07/2021
141,124,09/02/2021
142,90,30/01/2021
76,142,17/10/2020
92,114,05/07/2021
68,122,27/07/2021
72,98,26/05/2021
22,146,27/11/2021
122,128,30/10/2021
49,72,29/01/2021
61,92,11/06/2021
106,85,19/06/2021
33,143,03/12/2021
108,103,25/06/2021
146,92,13/07/2020
8,127,07/11/2021
67,155,12/12/2021
16,124,02/07/2021
119,155,15/12/2020
92,107,13/12/2021
141,149,16/02/2021
24,90,06/12/2020
40,118,21/12/2020
49,101,22/05/2021
66,140,13/08/2021
115,78,18/07/2020
45,116,23/12/2021
16,62,12/04/2021
40,86,19/09/2021
44,129,02/06/2021
142,148,25/12/2021
62,25,11/11/2020
12,118,28/06/2021
77,72,13/05/2021
97,107,17/11/2021
26,107,23/08/2020
82,118,03/09/2021
54,137,30/11/2021
141,147,02/03/2021
25,154,27/10/2021
130,111,26/09/2021
14,42,22/11/2021
119,99,28/11/2021
8,140,13/12/2021
122,156,18/05/2021
43,30,12/11/2021
63,114,21/12/2021
26,102,02/08/2021
18,80,15/05/2021
146,137,04/11/2021
46,2,21/07/2021
71,133,06/04/2021
62,63,18/07/2021
68,54,05/12/2021
56,101,22/10/2021
43,72,07/12/2021
44,107,08/06/2021
55,22,16/09/2021
119,87,05/12/2021
73,87,23/12/2021
46,103,08/08/2021
70,135,25/02/2021
15,66,30/01/2021
14,35,17/11/2021
4,90,13/07/2021
18,106,03/12/2021
12,70,17/08/2021
1,140,30/10/2020
18,86,20/07/2021
92,153,29/06/2020
14,131,10/01/2021
44,113,20/09/2021
90,110,28/04/2021
23,61,09/12/2021
1,138,05/10/2020
21,142,28/09/2020
119,134,18/07/2021
119,101,02/12/2021
67,74,11/10/2021
55,9,21/09/2021
119,153,14/03/2021
26,103,01/08/2021
34,136,11/05/2021
4,88,21/06/2021
62,117,27/02/2021
31,90,30/10/2020
115,92,14/03/2021
73,143,06/07/2021
52,121,02/03/2021
35,7,19/02/2021
23,53,24/12/2021
12,3,03/10/2021
52,126,27/11/2021
105,133,29/07/2021
115,111,22/02/2021
4,130,30/08/2021
23,51,28/12/2021
13,132,02/09/2021
14,127,03/12/2020
46,132,29/07/2020
23,105,12/11/2021
38,37,03/08/2021
63,93,12/09/2021
14,150,19/12/2021
49,122,27/11/2021
92,95,13/12/2021
23,126,21/04/2021
49,89,21/08/2021
82,117,03/09/2021
45,138,21/10/2021
106,100,28/12/2021
39,90,11/11/2021
22,131,05/10/2020
22,129,20/10/2021
7,65,20/11/2021
17,89,07/11/2021
35,109,01/07/2021
21,143,03/12/2021
39,127,23/11/2021
13,134,11/05/2021
73,88,22/10/2021
56,143,29/09/2021
72,73,11/12/2020
66,127,29/07/2021
25,153,02/04/2021
29,92,15/07/2021
32,115,26/12/2021
3,132,21/09/2021
39,157,25/04/2021
62,119,22/07/2021
39,49,13/04/2021
49,74,31/01/2021
57,91,25/06/2020
12,4,26/11/2021
108,104,11/09/2021
71,132,01/05/2021
108,95,18/09/2021
106,115,19/12/2021
48,121,13/06/2021
49,74,23/11/2021
49,94,17/09/2021
108,144,31/10/2021
16,102,13/11/2020
15,5,04/06/2021
92,93,09/12/2021
70,24,22/08/2021
30,111,10/05/2021
77,106,14/12/2021
18,107,21/01/2021
141,117,23/12/2020
141,137,17/08/2020
64,142,29/06/2021
22,157,03/11/2021
57,92,30/07/2020
3,100,14/08/2021
73,54,24/06/2021
68,120,18/05/2021
21,86,15/05/2021
13,133,03/12/2021
36,157,01/09/2021
142,149,16/12/2021
22,55,15/11/2021
50,66,01/09/2021
23,128,16/09/2020
54,81,01/08/2021
66,125,21/09/2021
37,71,22/11/2021
8,106,21/10/2021
55,149,23/05/2021
52,140,07/08/2021
36,86,29/07/2021
46,72,06/12/2021
31,129,22/11/2020
64,141,24/07/2021
73,48,07/07/2021
6,89,22/10/2021
12,92,06/08/2021
49,120,29/12/2021
27,88,18/10/2021
22,144,24/12/2021
75,90,28/08/2020
132,70,25/11/2021
56,142,23/10/2021
66,105,16/05/2021
67,39,01/11/2021
61,120,15/11/2021
69,135,24/12/2021
106,107,14/12/2021
16,89,08/05/2021
19,151,14/04/2021
64,133,05/06/2021
87,150,17/10/2020
23,139,29/12/2021
77,133,11/03/2021
73,74,04/11/2021
16,61,25/02/2021
66,72,13/09/2021
133,145,07/12/2021
22,87,12/10/2021
34,137,06/02/2021
69,98,01/07/2021
48,98,04/07/2021
56,141,08/08/2021
46,69,12/09/2020
93,154,11/11/2021
10,132,27/06/2021
59,157,01/12/2021
82,106,16/07/2021
76,91,05/09/2021
92,94,08/12/2021
21,157,11/05/2021
119,73,22/10/2021
76,86,19/09/2021
43,74,27/09/2021
46,134,13/12/2021
25,1,03/12/2021
44,94,21/10/2021
106,112,13/06/2021
38,143,27/06/2021
44,96,19/11/2021
37,129,06/09/2021
33,93,19/11/2021
46,129,28/05/2021
75,146,15/12/2021
54,147,12/08/2021
23,110,16/08/2021
74,50,08/07/2021
122,91,21/03/2021
24,113,07/07/2021
141,129,13/12/2020
61,87,04/04/2021
49,71,23/12/2021
43,137,10/01/2021
70,137,23/10/2021
122,126,10/08/2021
119,142,27/11/2021
13,40,03/06/2021
22,77,23/06/2021
36,110,20/06/2020
70,155,17/12/2021
115,145,14/02/2021
8,154,03/11/2021
119,106,21/12/2021
13,47,17/01/2021
16,156,25/12/2021
14,128,26/09/2020
75,102,14/12/2021
92,101,19/11/2020
132,24,23/07/2021
50,69,12/10/2021
19,98,12/06/2020
141,135,02/10/2020
90,49,29/09/2021
8,139,28/11/2021
14,104,27/07/2021
64,154,11/07/2021
133,77,01/09/2021
54,17,06/08/2021
46,131,14/05/2021
74,35,09/07/2021
4,157,06/02/2021
26,92,06/06/2021
92,115,18/10/2020
65,95,21/04/2021
44,98,09/09/2021
95,137,06/04/2021
51,154,02/11/2020
39,125,24/08/2021
106,111,14/06/2021
92,85,13/12/2021
40,102,22/09/2021
30,153,20/10/2021
8,107,26/05/2021
48,122,21/11/2021
92,146,09/08/2021
97,85,16/08/2021
20,131,08/11/2021
92,121,07/09/2021
119,88,29/11/2021
52,130,27/10/2021
52,139,23/09/2021
122,129,26/08/2021
132,147,11/12/2021
15,145,29/12/2021
59,132,19/07/2021
4,149,26/08/2021
106,150,16/06/2021
49,140,19/09/2021
44,95,29/11/2021
12,127,20/07/2021
77,75,22/08/2021
77,66,07/07/2021
11,152,06/11/2020
45,90,30/11/2020
50,67,22/07/2021
76,92,12/08/2021
2,128,05/07/2020
10,133,07/01/2021
106,149,21/12/2020
67,71,31/05/2021
73,140,28/07/2021
106,107,22/12/2021
7,93,27/08/2021
37,133,19/08/2021
132,47,21/05/2021
122,92,06/12/2021
22,4,11/04/2021
22,133,23/11/2021
40,134,04/05/2021
115,123,03/02/2021
1,157,13/11/2021
73,119,09/06/2021
23,57,12/05/2021
44,99,13/08/2021
36,67,22/10/2021
39,156,20/06/2021
132,49,01/08/2021
4,103,27/08/2021
130,117,28/06/2021
23,113,21/09/2021
132,135,28/12/2021
30,27,13/06/2021
25,115,10/03/2021
24,151,17/01/2021
141,119,13/03/2021
46,4,23/07/2021
18,85,20/10/2020
22,5,10/12/2020
119,78,10/03/2021
37,72,13/11/2021
115,31,24/07/2020
61,88,21/03/2021
7,145,04/08/2021
123,68,08/06/2021
68,106,02/12/2021
39,73,29/08/2021
115,111,10/06/2021
46,133,07/12/2020
16,3,03/12/2020
119,89,27/12/2021
44,101,19/10/2021
7,130,24/12/2021
90,124,31/05/2021
24,124,19/11/2020
141,117,10/02/2021
133,156,30/09/2021
106,58,19/06/2021
108,84,31/10/2021
58,133,28/10/2021
67,72,18/10/2021
77,19,28/02/2021
40,126,12/11/2020
87,96,01/02/2021
23,144,13/09/2021
59,107,29/12/2021
142,92,04/06/2021
3,104,09/08/2021
37,75,11/11/2021
43,25,05/10/2021
22,138,20/12/2021
40,70,02/06/2021
141,91,25/11/2020
49,71,28/09/2021
22,52,21/12/2021
133,142,21/09/2021
7,154,18/12/2021
54,99,01/05/2021
54,103,15/07/2021
134,154,15/11/2021
33,89,19/12/2021
61,90,01/05/2021
2,107,28/09/2021
50,74,06/10/2021
18,77,27/03/2021
141,37,20/03/2021
67,70,23/10/2021
65,76,08/09/2021
40,139,16/11/2021
77,5,15/06/2021
65,103,15/07/2021
38,34,17/09/2020
38,68,14/07/2021
57,92,29/06/2021
66,146,25/10/2021
1,38,06/10/2020
43,136,03/06/2021
119,88,03/12/2021
90,89,14/04/2021
77,100,04/04/2021
16,43,11/08/2020
64,86,28/08/2021
141,119,28/10/2021
41,126,08/06/2021
54,82,09/03/2021
17,115,04/09/2021
56,157,03/01/2021
52,87,08/08/2021
49,147,25/11/2020
18,78,29/11/2020
55,147,14/04/2021
30,107,01/07/2021
141,131,20/08/2020
11,90,21/09/2021
92,155,05/07/2020
76,123,14/05/2021
16,58,04/08/2020
73,88,08/02/2021
8,73,06/11/2021
33,99,25/01/2021
36,104,20/02/2021
106,103,23/12/2021
142,73,16/12/2021
106,134,28/12/2021
134,153,17/10/2021
11,131,29/12/2021
76,120,27/07/2021
54,104,08/07/2021
58,132,25/07/2021
22,140,28/11/2021
134,117,25/10/2021
26,120,03/02/2021
44,111,08/09/2021
108,146,01/12/2021
22,11,16/03/2021
23,67,14/10/2021
36,104,01/11/2021
106,151,27/12/2021
17,88,07/10/2020
141,111,31/08/2020
48,58,05/04/2021
2,105,23/10/2021
65,93,30/07/2021
26,69,03/08/2021
43,20,21/11/2021
33,141,21/12/2021
67,120,19/12/2020
45,132,02/08/2020
106,152,20/12/2021
45,20,22/05/2021
26,122,11/02/2021
75,92,08/09/2020
26,113,30/01/2021
105,99,21/10/2021
141,89,21/01/2021
26,148,08/10/2021
70,136,20/10/2021
18,85,27/06/2021
40,127,26/10/2021
90,108,13/11/2020
119,144,22/06/2021
12,68,19/09/2021
82,156,23/12/2020
22,106,04/12/2021
39,74,08/12/2021
22,20,17/03/2021
44,155,24/05/2021
59,94,04/12/2021
134,136,13/08/2021
28,90,07/07/2021
43,150,15/11/2021
141,85,06/05/2020
51,99,17/03/2021
35,85,15/12/2021
41,49,04/07/2020
66,89,04/12/2021
1,90,27/08/2021
106,114,27/12/2021
90,21,03/01/2021
31,125,28/11/2021
15,1,26/05/2021
22,82,16/01/2021
18,84,10/11/2020
18,151,10/12/2021
16,136,15/07/2021
75,134,08/09/2020
58,81,26/08/2020
97,105,27/12/2021
92,81,10/04/2021
142,152,17/08/2020
66,124,31/08/2021
19,122,10/04/2021
132,136,26/12/2021
68,150,03/07/2021
119,80,16/10/2021
142,115,06/07/2021
119,86,11/04/2021
72,104,11/11/2020
69,97,26/09/2021
36,84,30/08/2021
92,84,30/06/2021
41,115,07/11/2021
8,75,04/11/2021
22,96,22/01/2021
30,106,12/10/2021
43,114,06/11/2021
37,132,11/09/2021
106,99,15/12/2021
63,115,13/02/2021
61,109,06/03/2021
67,31,29/09/2021
54,76,15/06/2021
30,119,21/06/2021
21,77,20/10/2021
40,73,19/12/2021
41,114,30/08/2021
122,131,31/03/2021
59,85,11/07/2021
73,110,07/10/2021
16,66,09/09/2020
90,138,04/10/2021
46,139,02/07/2021
35,82,21/09/2021
87,149,11/10/2020
40,84,26/05/2021
66,123,10/09/2021
119,105,13/12/2021
106,150,18/12/2021
49,66,24/09/2021
68,151,12/10/2021
8,155,06/11/2021
16,124,09/10/2021
51,112,12/08/2021
48,97,24/11/2021
67,153,03/04/2021
54,115,29/06/2021
54,18,16/11/2021
106,106,14/12/2021
43,9,27/12/2021
39,126,10/08/2021
119,102,02/08/2021
75,103,13/12/2021
70,142,18/12/2021
17,100,04/04/2021
122,140,18/07/2021
45,8,11/06/2021
44,106,22/10/2021
133,145,01/10/2021
6,78,10/09/2021
105,101,13/11/2021
4,91,04/07/2021
76,115,12/09/2021
24,108,24/04/2021
130,112,21/10/2021
76,122,20/09/2021
66,145,03/09/2021
40,139,01/11/2021
7,138,26/08/2021
119,107,07/12/2021
16,125,29/10/2021
23,52,09/05/2021
73,87,12/04/2021
12,91,28/11/2021
13,34,11/02/2021
122,138,09/09/2021
75,110,12/12/2021
46,104,03/03/2021
77,132,25/11/2021
71,135,16/08/2021
18,4,28/06/2021
82,107,16/10/2020
36,69,20/12/2021
55,134,25/02/2021
35,19,12/08/2021
97,102,04/10/2021
62,62,07/12/2020
21,141,22/11/2020
108,137,27/08/2021
134,119,20/11/2021
123,115,19/03/2021
119,107,04/02/2021
57,90,22/04/2021
18,152,28/11/2020
21,79,23/07/2020
18,150,30/12/2021
16,123,19/09/2021
87,112,16/10/2020
108,64,08/05/2021
87,105,06/09/2021
66,109,16/08/2021
142,151,20/08/2020
77,147,17/11/2021
54,131,19/12/2021
68,63,08/10/2021
2,127,29/10/2020
61,81,30/07/2021
47,85,16/10/2020
7,155,24/12/2021
49,39,23/09/2020
106,117,21/06/2021
46,73,07/05/2021
65,102,06/06/2021
24,125,19/06/2021
97,147,17/07/2021
32,157,08/07/2021
134,153,24/08/2021
36,103,17/12/2021
76,109,05/08/2021
45,115,19/08/2021
61,91,17/02/2021
115,127,12/08/2021
63,27,27/08/2021
66,128,02/09/2021
12,129,04/05/2021
27,89,01/06/2021
46,119,25/12/2020
16,125,26/12/2021
53,68,23/11/2021
63,109,19/10/2020
22,26,21/08/2021
115,128,19/05/2021
57,90,04/07/2020
46,125,06/02/2021
87,106,11/06/2021
48,92,15/04/2021
26,155,26/02/2021
64,84,22/09/2021
90,147,13/09/2020
76,108,04/08/2021
35,108,15/07/2021
48,55,05/10/2021
48,157,18/03/2021
72,70,26/12/2020
4,89,01/04/2021
68,152,19/11/2021
28,137,26/06/2021
50,118,05/09/2021
67,73,29/08/2021
92,114,07/12/2020
31,149,20/11/2020
7,157,21/12/2021
27,91,05/10/2021
13,42,20/11/2021
133,129,08/12/2021
22,89,21/12/2021
54,82,17/06/2021
44,153,08/10/2021
146,77,31/07/2021
23,2,06/09/2021
23,122,11/10/2021
22,133,18/11/2021
46,110,27/11/2021
66,144,05/06/2021
90,93,06/05/2021
97,133,17/05/2021
43,104,23/09/2021
11,150,04/12/2020
17,106,22/01/2021
7,131,15/12/2021
58,105,13/06/2021
59,91,04/01/2021
141,41,29/11/2020
73,103,05/10/2021
142,81,07/09/2021
62,58,25/01/2021
21,152,22/02/2021
16,52,04/11/2020
43,16,02/11/2021
52,100,23/01/2021
54,135,19/12/2021
14,130,18/01/2021
67,141,24/12/2021
97,9,27/11/2021
46,117,08/09/2020
34,155,03/08/2021
106,119,09/06/2021
119,90,15/10/2021
74,146,09/07/2021
14,18,15/12/2021
26,112,01/03/2021
44,97,22/11/2021
32,116,30/09/2021
43,143,28/10/2021
74,139,21/12/2021
141,44,25/02/2021
60,99,01/08/2021
4,84,11/09/2021
52,128,13/09/2021
15,98,11/01/2021
55,125,31/08/2021
64,132,08/04/2021
16,84,13/12/2021
49,4,03/07/2021
38,65,22/06/2021
23,121,19/08/2021
36,117,11/08/2020
74,144,20/11/2020
70,109,19/07/2021
106,133,22/12/2021
70,141,10/08/2021
49,70,19/05/2021
28,116,30/04/2021
23,140,18/11/2021
106,89,29/12/2021
25,155,07/01/2021
23,155,11/06/2021
49,99,08/06/2020
36,119,29/05/2021
70,149,25/04/2021
90,125,12/07/2021
46,102,19/09/2021
119,84,13/05/2021
92,86,13/12/2021
15,138,03/02/2021
4,148,16/08/2021
90,47,05/10/2021
15,101,22/03/2021
141,90,03/12/2020
52,138,08/11/2021
25,127,13/07/2021
92,115,25/09/2021
115,140,10/10/2021
87,100,12/12/2020
44,103,21/10/2021
61,76,04/04/2021
48,150,23/12/2021
23,85,21/08/2021
43,74,13/12/2021
73,72,14/07/2021
72,72,30/07/2020
146,83,18/02/2021
70,136,20/03/2021
52,131,25/06/2021
108,86,25/11/2021
141,47,20/04/2021
63,110,04/12/2020
58,106,31/10/2021
24,123,28/11/2021
133,144,30/09/2021
50,94,16/08/2021
60,147,01/09/2021
15,113,03/12/2021
16,106,28/04/2021
68,157,24/08/2021
38,142,23/02/2021
64,148,08/07/2021
141,84,07/02/2021
16,85,26/10/2021
26,106,17/12/2021
133,101,21/10/2020
15,97,26/12/2020
32,138,11/11/2021
106,102,23/07/2021
44,105,27/11/2021
24,112,17/07/2021
49,111,29/05/2021
105,145,06/08/2021
92,100,27/01/2021
25,67,09/12/2021
105,132,06/10/2020
8,59,05/11/2021
54,134,10/09/2021
92,145,18/06/2021
73,138,06/10/2021
18,151,23/05/2021
2,126,20/11/2020
53,1,24/11/2021
33,87,27/10/2021
108,135,31/08/2021
44,93,06/10/2021
63,144,13/12/2021
16,67,19/03/2021
142,138,28/01/2021
12,90,06/09/2021
68,104,23/10/2021
4,54,13/07/2021
46,124,10/12/2021
24,110,11/12/2021
19,120,13/04/2021
26,154,31/01/2021
4,131,29/08/2021
46,68,29/05/2021
119,89,10/10/2021
25,128,22/04/2021
97,86,13/11/2021
1,33,27/10/2020
28,114,12/08/2021
77,118,29/08/2021
25,126,18/09/2020
115,91,08/06/2021
16,87,17/01/2021
26,149,26/09/2020
26,153,16/02/2021
48,56,29/03/2021
23,64,07/09/2021
7,94,13/11/2021
19,104,30/09/2020
87,148,28/09/2020
10,129,25/01/2021
37,135,10/11/2020
90,2,16/08/2021
23,134,19/09/2021
119,132,15/11/2021
133,157,03/10/2021
60,144,10/09/2021
82,137,30/08/2021
3,134,20/09/2021
115,112,18/02/2021
18,126,26/11/2021
28,115,12/07/2021
50,97,02/08/2021
92,74,06/05/2021
141,34,21/05/2020
64,134,14/04/2021
25,116,22/03/2021
142,106,06/09/2021
23,5,01/08/2021
90,39,14/09/2021
21,92,19/06/2021
26,146,04/01/2021
49,148,01/10/2020
90,135,20/07/2021
17,97,18/11/2020
77,6,23/06/2021
54,8,22/06/2021
16,50,12/10/2020
23,111,14/09/2021
4,126,29/06/2021
55,123,13/09/2021
8,90,08/11/2021
14,109,29/10/2021
115,112,22/01/2021
22,95,30/07/2021
37,97,27/08/2020
73,109,25/09/2021
82,135,31/08/2021
30,132,09/06/2021
40,72,21/12/2021
90,139,03/10/2021
22,97,06/11/2021
22,89,03/09/2021
77,17,07/04/2021
68,52,23/10/2021
3,105,21/06/2021
66,110,23/12/2021
43,152,01/10/2021
119,133,22/08/2020
47,77,18/01/2021
142,103,12/02/2021
50,2,22/01/2021
142,55,15/12/2020
132,149,19/11/2021
4,146,18/07/2021
21,67,09/02/2021
49,100,07/07/2021
45,80,30/08/2021
106,116,21/12/2021
22,140,01/05/2021
106,105,27/12/2021
23,112,07/09/2021
15,146,30/11/2021
11,129,30/10/2021
16,31,17/11/2020
59,98,12/12/2021
142,71,16/12/2021
146,63,14/02/2021
69,137,13/12/2021
61,114,21/04/2021
39,51,13/11/2021
119,18,07/07/2021
19,152,14/06/2021
62,94,30/06/2021
92,99,05/11/2020
39,143,11/11/2021
21,150,23/10/2020
39,135,15/09/2021
18,127,02/11/2020
77,119,28/03/2021
119,118,09/03/2021
50,103,27/12/2020
59,145,23/09/2021
46,66,13/09/2021
26,2,05/08/2021
73,47,01/06/2021
10,134,21/04/2021
55,88,12/09/2021
46,74,22/11/2021
22,139,25/09/2021
72,97,14/06/2021
11,77,05/05/2021
30,155,15/07/2021
130,155,30/06/2021
115,99,02/03/2021
92,66,15/01/2021
47,84,16/03/2021
55,12,18/12/2020
72,152,19/12/2020
7,140,21/10/2021
108,131,04/12/2021
4,102,08/08/2021
45,154,29/10/2020
61,92,20/04/2021
43,140,30/01/2021
22,10,22/09/2020
57,116,30/01/2021
65,83,08/05/2021
87,147,01/11/2021
26,4,20/07/2021
51,73,27/04/2021
36,103,21/10/2021
73,115,28/03/2021
142,75,28/11/2021
54,27,01/08/2021
39,56,21/06/2021
119,89,30/03/2021
133,79,13/08/2021
130,113,24/09/2021
130,156,26/09/2021
43,151,26/09/2021
146,52,30/09/2020
31,147,30/10/2020
46,71,16/11/2021
75,132,25/12/2020
90,23,06/10/2021
22,134,08/12/2021
14,114,18/08/2021
123,114,23/08/2021
11,76,04/03/2021
8,91,06/11/2021
115,113,28/03/2021
87,107,29/11/2021
90,67,19/12/2021
23,64,20/11/2021
51,145,22/09/2020
7,144,17/08/2021
18,96,15/04/2021
28,92,27/09/2021
119,85,12/10/2021
37,70,21/11/2021
23,86,30/06/2021
8,126,06/11/2021
87,101,20/11/2020
15,94,21/04/2021
44,18,24/07/2020
73,89,19/09/2021
75,104,13/12/2021
32,52,25/12/2021
8,71,05/11/2021
62,93,25/07/2021
66,106,10/11/2021
21,58,29/06/2021
22,151,15/12/2021
31,104,01/04/2021
36,115,18/10/2020
8,72,06/11/2021
75,108,14/12/2021
62,118,23/03/2021
35,86,02/05/2021
70,153,16/09/2020
44,107,28/11/2021
73,102,22/06/2021
22,156,03/12/2021
146,91,08/02/2021
59,134,17/08/2021
36,21,25/12/2021
90,113,06/09/2021
37,108,12/04/2021
66,99,14/12/2021
36,156,17/05/2021
43,102,03/10/2021
77,67,24/09/2021
18,81,12/11/2020
106,147,01/01/2021
61,122,13/12/2020
146,89,13/08/2021
77,117,05/11/2021
76,110,23/07/2021
92,106,13/12/2021
134,135,05/11/2021
45,83,30/06/2021
68,102,01/10/2021
3,149,28/03/2021
1,47,03/09/2020
106,106,25/12/2021
141,118,11/11/2020
24,111,03/11/2020
142,104,07/09/2021
34,90,01/05/2021
8,105,17/06/2021
108,102,17/09/2021
90,87,01/06/2021
16,135,08/08/2021
52,117,24/10/2021
54,96,29/11/2021
90,123,04/06/2021
21,135,24/08/2020
34,154,13/08/2021
92,68,28/11/2020
7,104,27/08/2021
17,116,15/04/2021
134,115,16/09/2021
72,150,07/11/2021
76,85,18/09/2021
25,114,08/10/2021
68,58,02/09/2021
16,141,01/09/2021
39,92,17/12/2021
66,88,10/12/2021
25,157,04/02/2021
41,35,01/11/2021
36,152,19/11/2021
18,109,27/03/2021
115,142,27/08/2021
52,127,26/10/2021
90,149,12/12/2020
3,101,18/09/2021
44,102,24/09/2021
77,107,08/03/2021
48,120,22/07/2021
12,74,30/07/2021
18,105,23/07/2021
97,84,06/09/2021
65,77,18/11/2021
18,144,18/04/2021
26,105,27/09/2021
61,132,28/04/2021
130,157,24/09/2021
119,105,30/12/2020
115,90,29/10/2020
17,101,14/11/2020
43,139,27/09/2021
73,37,09/12/2021
14,124,18/08/2021
68,103,06/12/2021
146,88,14/10/2021
123,104,22/06/2020
142,107,14/09/2021
63,23,07/03/2021
9,136,27/05/2021
5,87,09/11/2021
87,99,12/10/2021
68,107,01/07/2021
26,129,09/11/2020
26,111,24/02/2021
48,156,30/10/2021
59,133,19/09/2021
142,60,15/07/2021
14,102,02/09/2021
35,84,02/03/2021
36,5,01/12/2021
62,95,17/11/2021
73,118,11/07/2021
41,86,05/07/2021
73,73,31/12/2020
21,4,22/07/2021
141,86,18/04/2021
15,99,30/05/2021
37,96,11/11/2020
48,91,01/12/2020
49,118,25/07/2021
51,113,11/08/2021
11,81,05/01/2021
106,113,10/06/2021
39,91,24/09/2021
26,106,19/02/2021
37,98,04/01/2021
62,59,02/02/2021
50,102,25/08/2020
132,71,30/11/2021
54,71,22/03/2021
92,4,23/01/2021
24,150,07/11/2021
48,151,03/08/2021
93,155,05/11/2021
77,105,25/12/2020
23,69,04/04/2021
123,103,23/11/2021
65,122,26/05/2021
61,83,23/01/2021
49,121,13/05/2021
12,128,30/11/2020
7,96,10/09/2021
23,133,20/09/2021
49,88,13/12/2021
49,93,16/10/2021
54,77,28/05/2021
119,106,10/08/2020
61,128,22/09/2021
43,87,20/12/2021
44,104,03/11/2021
45,19,27/09/2020
15,112,05/11/2021
51,142,19/05/2021
36,108,26/09/2020
93,81,18/01/2021
44,105,09/06/2021
50,87,15/07/2021
133,130,28/07/2021
8,153,06/11/2021
49,97,04/05/2021
106,87,29/12/2021
45,153,22/09/2020
16,48,22/10/2021
36,116,01/11/2021
26,32,29/11/2020
119,70,17/11/2021
33,105,26/11/2021
24,157,09/12/2021
142,147,16/12/2021
92,154,21/07/2020
66,121,12/08/2021
90,137,14/11/2021
14,123,07/04/2021
22,60,27/11/2021
36,7,09/11/2021
106,151,20/06/2021
73,116,28/11/2021
115,91,03/07/2021
22,139,17/12/2021
65,80,26/12/2021
4,128,14/08/2021
75,145,11/12/2021
122,90,20/08/2021
52,120,07/11/2020
32,123,20/11/2021
36,27,08/07/2021
65,80,18/10/2021
72,46,18/07/2021
62,15,12/08/2021
70,6,14/03/2021
115,38,05/10/2020
36,114,05/10/2021
44,112,18/08/2021
49,113,02/10/2020
92,144,15/12/2021
30,133,21/06/2021
16,157,19/06/2021
30,113,07/10/2021
142,140,26/12/2020
30,105,21/10/2021
54,129,11/12/2021
74,134,20/08/2021
58,35,05/09/2021
82,105,04/07/2021
10,131,13/07/2021
23,3,09/06/2021
23,120,26/08/2021
23,108,08/07/2021
66,122,02/11/2021
16,123,25/12/2021
97,149,18/09/2021
69,96,25/07/2021
60,149,03/12/2020
12,148,24/04/2021
133,76,08/09/2021
56,134,21/12/2021
97,103,10/05/2021
75,85,15/12/2021
39,142,26/12/2021
73,35,11/09/2021
14,116,06/08/2021
31,148,05/10/2020
67,143,02/11/2021
15,95,22/02/2021
7,146,19/11/2021
69,136,05/09/2021
21,78,29/09/2021
133,82,03/09/2021
8,70,03/11/2021
119,81,31/12/2020
49,73,02/12/2021
106,60,18/06/2021
37,122,23/12/2020
24,91,19/06/2021
37,137,15/02/2021
106,156,13/07/2021
90,17,19/10/2021
68,56,22/11/2021
92,105,10/12/2021
67,32,08/10/2021
59,90,07/11/2020
119,88,17/08/2021
54,123,27/12/2021
41,111,10/10/2020
77,2,05/07/2021
31,102,25/12/2021
49,110,11/10/2021
26,91,06/11/2021
62,29,02/07/2021
61,126,29/10/2021
50,104,27/07/2021
90,34,13/09/2021
123,102,11/12/2021
24,131,05/01/2021
106,157,09/07/2021
6,147,17/02/2021
1,156,23/06/2021
17,99,22/08/2020
45,76,31/07/2021
90,111,21/09/2021
92,84,09/12/2021
75,84,16/12/2021
108,84,11/05/2021
133,140,20/09/2021
39,37,08/04/2021
15,2,30/08/2021
21,61,31/05/2021
16,103,07/10/2020
22,145,30/11/2021
12,89,10/10/2021
51,100,18/07/2021
40,74,20/10/2021
2,75,26/11/2020
142,105,27/10/2021
12,75,14/02/2021
46,75,14/12/2021
119,146,16/04/2021
26,147,16/11/2021
6,156,15/10/2021
12,119,06/04/2021
16,143,29/11/2020
64,155,25/11/2021
15,139,19/09/2020
55,27,03/10/2021
32,156,22/11/2021
44,154,30/09/2021
15,96,20/08/2021
22,69,15/09/2021
36,150,17/11/2021
70,135,27/10/2021
90,112,15/09/2021
23,109,19/08/2021
57,110,15/07/2020
7,5,01/11/2021
23,109,27/01/2021
60,143,27/08/2021
31,124,17/12/2021
90,140,05/09/2021
43,88,08/12/2021
14,151,26/11/2021
72,71,30/07/2020
119,71,17/12/2021
61,90,13/12/2021
141,118,22/02/2021
33,101,23/07/2020
8,86,03/11/2021
14,108,03/12/2021
26,40,10/08/2020
90,95,12/12/2020
18,145,05/10/2021
67,44,30/09/2021
41,116,23/09/2021
44,86,01/10/2021
59,92,16/09/2020
25,153,20/11/2021
26,105,07/02/2021
23,146,20/05/2021
43,116,30/10/2021
45,92,16/05/2020
